읍면동명,코드
사직동,1101053
삼청동,1101054
부암동,1101055
평창동,1101056
무악동,1101057
교남동,1101058
가회동,1101060
종로1·2·3·4가동,1101061
종로5·6가동,1101063
이화동,1101064
창신1동,1101067
창신2동,1101068
창신3동,1101069
숭인1동,1101070
숭인2동,1101071
청운효자동,1101072
혜화동,1101073
소공동,1102052
회현동,1102054
명동,1102055
필동,1102057
장충동,1102058
광희동,1102059
을지로동,1102060
신당5동,1102065
황학동,1102067
중림동,1102068
신당동,1102069
다산동,1102070
약수동,1102071
청구동,1102072
동화동,1102073
후암동,1103051
용산2가동,1103052
남영동,1103053
원효로2동,1103057
효창동,1103058
용문동,1103059
이촌1동,1103063
이촌2동,1103064
이태원1동,1103065
이태원2동,1103066
서빙고동,1103069
보광동,1103070
청파동,1103071
원효로1동,1103072
한강로동,1103073
한남동,1103074
왕십리2동,1104052
마장동,1104054
사근동,1104055
행당1동,1104056
행당2동,1104057
응봉동,1104058
금호1가동,1104059
금호4가동,1104062
성수1가1동,1104065
성수1가2동,1104066
성수2가1동,1104067
성수2가3동,1104068
송정동,1104069
용답동,1104070
왕십리도선동,1104071
금호2·3가동,1104072
옥수동,1104073
화양동,1105053
군자동,1105054
중곡1동,1105055
중곡2동,1105056
중곡3동,1105057
중곡4동,1105058
능동,1105059
구의1동,1105060
구의2동,1105061
구의3동,1105062
광장동,1105063
자양1동,1105064
자양2동,1105065
자양3동,1105066
자양4동,1105067
회기동,1106071
휘경1동,1106072
휘경2동,1106073
청량리동,1106080
용신동,1106081
제기동,1106082
전농1동,1106083
전농2동,1106084
답십리2동,1106086
장안1동,1106087
장안2동,1106088
이문1동,1106089
이문2동,1106090
답십리1동,1106091
면목2동,1107052
면목4동,1107054
면목5동,1107055
면목7동,1107057
상봉1동,1107059
상봉2동,1107060
중화1동,1107061
중화2동,1107062
묵1동,1107064
묵2동,1107065
망우3동,1107068
신내1동,1107069
신내2동,1107070
면목본동,1107071
면목3·8동,1107072
망우본동,1107073
돈암1동,1108058
돈암2동,1108059
안암동,1108060
보문동,1108061
정릉1동,1108062
정릉2동,1108063
정릉3동,1108064
정릉4동,1108065
길음1동,1108066
길음2동,1108068
월곡1동,1108071
월곡2동,1108072
장위1동,1108076
장위2동,1108077
장위3동,1108078
성북동,1108081
삼선동,1108082
동선동,1108083
종암동,1108084
석관동,1108085
번1동,1109060
번2동,1109061
번3동,1109062
수유1동,1109063
수유2동,1109064
수유3동,1109065
삼양동,1109069
미아동,1109070
송중동,1109071
송천동,1109072
삼각산동,1109073
우이동,1109074
인수동,1109075
쌍문1동,1110051
쌍문2동,1110052
쌍문3동,1110053
쌍문4동,1110054
방학1동,1110055
방학2동,1110056
방학3동,1110057
창1동,1110059
창2동,1110060
창3동,1110061
창4동,1110062
창5동,1110063
도봉1동,1110064
도봉2동,1110065
월계1동,1111051
월계2동,1111052
월계3동,1111053
공릉2동,1111056
하계1동,1111058
하계2동,1111059
중계본동,1111060
중계1동,1111061
중계4동,1111064
상계1동,1111065
상계2동,1111066
상계5동,1111069
상계8동,1111072
상계9동,1111073
상계10동,1111074
상계3·4동,1111076
상계6·7동,1111077
중계2·3동,1111078
공릉1동,1111079
녹번동,1112051
불광1동,1112052
갈현1동,1112055
갈현2동,1112056
구산동,1112057
대조동,1112058
응암1동,1112059
응암2동,1112060
신사1동,1112065
신사2동,1112066
증산동,1112067
수색동,1112068
진관동,1112071
불광2동,1112072
응암3동,1112073
역촌동,1112074
천연동,1113052
홍제1동,1113062
홍제3동,1113064
홍제2동,1113065
홍은1동,1113066
홍은2동,1113068
남가좌1동,1113069
남가좌2동,1113070
북가좌1동,1113071
북가좌2동,1113072
충현동,1113073
북아현동,1113074
신촌동,1113075
연희동,1113076
용강동,1114059
대흥동,1114060
염리동,1114061
신수동,1114063
서교동,1114066
합정동,1114068
망원1동,1114069
망원2동,1114070
연남동,1114071
성산1동,1114072
성산2동,1114073
상암동,1114074
도화동,1114075
서강동,1114076
공덕동,1114077
아현동,1114078
목1동,1115051
목2동,1115052
목3동,1115053
목4동,1115054
신월1동,1115057
신월2동,1115058
신월3동,1115059
신월4동,1115060
신월5동,1115061
신월6동,1115062
신월7동,1115063
신정1동,1115064
신정2동,1115065
신정3동,1115066
신정6동,1115069
신정7동,1115070
목5동,1115071
신정4동,1115072
염창동,1116051
등촌1동,1116052
등촌2동,1116053
등촌3동,1116054
화곡본동,1116055
화곡2동,1116057
화곡3동,1116058
화곡4동,1116059
화곡6동,1116061
화곡8동,1116063
가양1동,1116064
가양2동,1116065
가양3동,1116066
발산1동,1116067
공항동,1116069
방화1동,1116070
방화2동,1116071
방화3동,1116072
화곡1동,1116073
우장산동,1116074
신도림동,1117051
구로1동,1117052
구로3동,1117054
구로4동,1117055
구로5동,1117056
고척1동,1117061
고척2동,1117062
개봉2동,1117064
개봉3동,1117065
오류1동,1117067
수궁동,1117069
가리봉동,1117070
구로2동,1117071
개봉1동,1117072
오류2동,1117073
항동,1117074
가산동,1118051
독산1동,1118052
독산2동,1118053
독산3동,1118054
독산4동,1118055
시흥1동,1118057
시흥2동,1118058
시흥3동,1118059
시흥4동,1118060
시흥5동,1118061
여의동,1119054
당산1동,1119055
당산2동,1119056
양평1동,1119061
양평2동,1119062
신길1동,1119063
신길3동,1119065
신길4동,1119066
신길5동,1119067
신길6동,1119068
신길7동,1119069
대림1동,1119070
대림2동,1119071
대림3동,1119072
영등포본동,1119073
영등포동,1119074
도림동,1119075
문래동,1119076
노량진2동,1120052
상도1동,1120053
상도2동,1120054
상도3동,1120055
상도4동,1120056
사당1동,1120063
사당3동,1120065
사당4동,1120066
사당5동,1120067
대방동,1120068
신대방1동,1120069
신대방2동,1120070
흑석동,1120071
노량진1동,1120072
사당2동,1120073
보라매동,1121052
청림동,1121054
행운동,1121057
낙성대동,1121058
중앙동,1121061
인헌동,1121062
남현동,1121063
서원동,1121064
신원동,1121065
서림동,1121066
신사동,1121068
신림동,1121069
난향동,1121071
조원동,1121072
대학동,1121073
은천동,1121078
성현동,1121079
청룡동,1121080
난곡동,1121081
삼성동,1121082
미성동,1121083
서초1동,1122051
서초2동,1122052
서초3동,1122053
서초4동,1122054
잠원동,1122055
반포본동,1122056
반포1동,1122057
반포2동,1122058
반포3동,1122059
반포4동,1122060
방배본동,1122061
방배1동,1122062
방배2동,1122063
방배3동,1122064
방배4동,1122065
양재1동,1122066
양재2동,1122067
내곡동,1122068
신사동,1123051
논현1동,1123052
논현2동,1123053
삼성1동,1123058
삼성2동,1123059
대치1동,1123060
대치4동,1123063
역삼1동,1123064
역삼2동,1123065
도곡1동,1123066
도곡2동,1123067
개포1동,1123068
개포4동,1123071
일원본동,1123072
일원1동,1123073
일원2동,1123074
수서동,1123075
세곡동,1123076
압구정동,1123077
청담동,1123078
대치2동,1123079
개포2동,1123080
풍납1동,1124051
풍납2동,1124052
거여1동,1124053
거여2동,1124054
마천1동,1124055
마천2동,1124056
방이1동,1124057
방이2동,1124058
오륜동,1124059
오금동,1124060
송파1동,1124061
송파2동,1124062
석촌동,1124063
삼전동,1124064
가락본동,1124065
가락1동,1124066
가락2동,1124067
문정1동,1124068
문정2동,1124069
잠실본동,1124071
잠실4동,1124075
잠실6동,1124077
잠실7동,1124078
잠실2동,1124079
잠실3동,1124080
장지동,1124081
위례동,1124082
강일동,1125051
상일동,1125052
명일1동,1125053
명일2동,1125054
고덕1동,1125055
고덕2동,1125056
암사2동,1125058
암사3동,1125059
천호1동,1125061
천호3동,1125063
성내1동,1125065
성내2동,1125066
성내3동,1125067
둔촌1동,1125070
둔촌2동,1125071
암사1동,1125072
천호2동,1125073
길동,1125074
중앙동,2101051
동광동,2101052
대청동,2101053
보수동,2101054
부평동,2101056
광복동,2101057
남포동,2101058
영주1동,2101059
영주2동,2101060
동대신1동,2102051
동대신2동,2102052
동대신3동,2102053
서대신1동,2102054
서대신3동,2102056
서대신4동,2102057
부민동,2102059
아미동,2102061
초장동,2102063
충무동,2102064
남부민1동,2102065
암남동,2102068
남부민2동,2102069
초량1동,2103051
초량2동,2103052
초량3동,2103053
초량6동,2103055
수정1동,2103056
수정2동,2103057
수정4동,2103059
수정5동,2103060
범일2동,2103066
범일5동,2103068
좌천동,2103070
범일1동,2103071
남항동,2104053
영선1동,2104054
영선2동,2104055
봉래1동,2104059
청학1동,2104063
청학2동,2104064
동삼1동,2104065
동삼2동,2104066
동삼3동,2104067
신선동,2104068
봉래2동,2104069
부전2동,2105052
연지동,2105054
초읍동,2105055
양정1동,2105056
양정2동,2105057
전포2동,2105061
부암1동,2105064
부암3동,2105066
당감2동,2105068
당감4동,2105070
가야2동,2105072
개금1동,2105074
개금2동,2105075
개금3동,2105076
범천1동,2105077
당감제1동,2105080
가야제1동,2105081
부전1동,2105082
전포1동,2105083
범천2동,2105084
수민동,2106051
복산동,2106052
온천1동,2106055
온천2동,2106056
온천3동,2106057
사직1동,2106058
사직2동,2106059
사직3동,2106060
안락1동,2106061
안락2동,2106062
명장1동,2106063
명장2동,2106064
명륜동,2106065
대연3동,2107053
대연4동,2107054
대연5동,2107055
대연6동,2107056
용호1동,2107057
용호2동,2107058
용호3동,2107059
용호4동,2107060
용당동,2107061
감만1동,2107062
감만2동,2107063
문현1동,2107066
문현2동,2107067
문현3동,2107068
문현4동,2107069
대연1동,2107070
우암동,2107071
구포1동,2108051
구포2동,2108052
구포3동,2108053
금곡동,2108054
화명1동,2108055
덕천1동,2108056
덕천2동,2108057
덕천3동,2108058
만덕1동,2108059
만덕2동,2108060
만덕3동,2108061
화명2동,2108062
화명3동,2108063
중1동,2109053
중2동,2109054
송정동,2109056
반여2동,2109058
반여3동,2109059
반송2동,2109062
재송1동,2109064
재송2동,2109065
좌1동,2109066
좌2동,2109067
좌3동,2109068
좌4동,2109069
반여1동,2109070
반여4동,2109071
반송1동,2109072
우1동,2109073
우2동,2109074
우3동,2109075
괴정1동,2110051
괴정2동,2110052
괴정3동,2110053
괴정4동,2110054
당리동,2110055
하단1동,2110056
하단2동,2110057
신평1동,2110058
신평2동,2110059
장림1동,2110060
장림2동,2110061
다대1동,2110062
다대2동,2110063
구평동,2110064
감천1동,2110065
감천2동,2110066
서1동,2111051
서2동,2111052
부곡1동,2111057
부곡2동,2111058
부곡3동,2111059
부곡4동,2111060
장전1동,2111061
선두구동,2111064
청룡노포동,2111067
남산동,2111068
구서1동,2111069
구서2동,2111070
금성동,2111071
서3동,2111072
금사회동동,2111073
장전2동,2111074
대저1동,2112051
대저2동,2112052
강동동,2112053
가락동,2112055
녹산동,2112056
가덕도동,2112058
명지1동,2112059
명지2동,2112060
거제1동,2113051
거제2동,2113052
거제3동,2113053
거제4동,2113054
연산1동,2113055
연산2동,2113056
연산3동,2113057
연산4동,2113058
연산5동,2113059
연산6동,2113060
연산8동,2113062
연산9동,2113063
남천1동,2114051
남천2동,2114052
수영동,2114053
망미1동,2114054
망미2동,2114055
광안1동,2114056
광안2동,2114057
광안3동,2114058
광안4동,2114059
민락동,2114060
삼락동,2115051
모라1동,2115052
모라3동,2115054
덕포1동,2115055
덕포2동,2115056
괘법동,2115057
주례1동,2115060
주례2동,2115061
주례3동,2115062
학장동,2115063
엄궁동,2115064
감전동,2115065
기장읍,2131011
장안읍,2131012
정관읍,2131013
일광면,2131031
철마면,2131033
삼덕동,2201054
성내1동,2201056
성내2동,2201059
성내3동,2201061
대신동,2201062
남산1동,2201064
남산2동,2201065
남산3동,2201066
남산4동,2201067
대봉1동,2201068
대봉2동,2201069
동인동,2201070
신암1동,2202051
신암2동,2202052
신암3동,2202053
신암4동,2202054
신암5동,2202055
신천1·2동,2202056
신천3동,2202058
신천4동,2202059
효목1동,2202060
효목2동,2202061
도평동,2202062
불로·봉무동,2202063
지저동,2202065
동촌동,2202066
방촌동,2202068
해안동,2202069
공산동,2202071
안심1동,2202073
안심2동,2202074
안심3·4동,2202075
내당1동,2203051
내당2·3동,2203052
내당4동,2203053
비산1동,2203054
비산2·3동,2203055
비산4동,2203056
비산5동,2203057
비산6동,2203058
비산7동,2203059
평리1동,2203060
평리2동,2203061
평리3동,2203062
평리4동,2203063
평리5동,2203064
평리6동,2203065
상중이동,2203066
원대동,2203068
이천동,2204051
봉덕1동,2204053
봉덕2동,2204054
봉덕3동,2204055
대명1동,2204056
대명2동,2204057
대명3동,2204058
대명4동,2204059
대명5동,2204060
대명6동,2204061
대명9동,2204064
대명10동,2204065
대명11동,2204066
고성동,2205051
칠성동,2205052
침산1동,2205055
침산2동,2205056
침산3동,2205057
산격1동,2205061
산격2동,2205062
산격3동,2205063
산격4동,2205064
복현1동,2205065
복현2동,2205066
검단동,2205070
무태조야동,2205071
태전2동,2205074
관문동,2205075
읍내동,2205076
관음동,2205077
태전1동,2205078
구암동,2205079
노원동,2205081
동천동,2205082
국우동,2205083
대현동,2205084
범어1동,2206051
범어2동,2206052
범어3동,2206053
범어4동,2206054
만촌1동,2206055
만촌2동,2206056
만촌3동,2206057
수성1가동,2206058
수성2·3가동,2206059
수성4가동,2206060
황금1동,2206061
황금2동,2206062
중동,2206063
상동,2206064
파동,2206065
두산동,2206066
지산1동,2206067
지산2동,2206068
범물1동,2206069
범물2동,2206070
고산1동,2206071
고산2동,2206072
고산3동,2206073
두류3동,2207055
본리동,2207056
감삼동,2207057
죽전동,2207058
장기동,2207059
이곡1동,2207060
신당동,2207061
월성1동,2207062
월성2동,2207063
진천동,2207064
상인1동,2207065
상인2동,2207066
상인3동,2207067
도원동,2207068
송현1동,2207069
송현2동,2207070
본동,2207071
용산1동,2207072
용산2동,2207073
이곡2동,2207074
성당동,2207075
두류1·2동,2207076
화원읍,2231011
논공읍,2231012
다사읍,2231013
유가읍,2231014
옥포읍,2231015
현풍읍,2231016
가창면,2231031
하빈면,2231032
구지면,2231036
연안동,2301052
신포동,2301053
신흥동,2301054
도원동,2301056
율목동,2301057
동인천동,2301058
북성동,2301060
송월동,2301061
용유동,2301063
운서동,2301064
영종동,2301065
영종1동,2301066
만석동,2302051
화수1·화평동,2302052
화수2동,2302053
송현1·2동,2302055
송현3동,2302057
송림1동,2302058
송림2동,2302059
송림3·5동,2302060
송림4동,2302061
송림6동,2302063
금창동,2302064
옥련1동,2304051
선학동,2304052
연수1동,2304053
연수2동,2304054
연수3동,2304055
청학동,2304056
동춘1동,2304057
동춘2동,2304058
동춘3동,2304059
옥련2동,2304060
송도1동,2304064
송도3동,2304065
송도2동,2304066
송도4동,2304067
구월1동,2305051
구월2동,2305052
구월3동,2305053
구월4동,2305054
간석1동,2305055
간석2동,2305056
간석3동,2305057
간석4동,2305058
만수1동,2305059
만수2동,2305060
만수3동,2305061
만수4동,2305062
만수5동,2305063
만수6동,2305064
남촌도림동,2305067
논현1동,2305072
논현2동,2305073
논현고잔동,2305074
장수서창동,2305075
서창2동,2305076
부평1동,2306051
부평2동,2306052
부평3동,2306053
부평4동,2306054
부평5동,2306055
부평6동,2306056
산곡1동,2306057
산곡2동,2306058
산곡3동,2306059
산곡4동,2306060
청천1동,2306061
청천2동,2306062
갈산1동,2306063
갈산2동,2306064
삼산1동,2306065
부개1동,2306066
부개2동,2306067
부개3동,2306068
일신동,2306069
십정1동,2306070
십정2동,2306071
삼산2동,2306072
효성1동,2307051
효성2동,2307052
계산1동,2307053
계산2동,2307054
계산3동,2307055
작전1동,2307056
작전2동,2307057
작전서운동,2307058
계양2동,2307061
계산4동,2307062
계양1동,2307063
계양3동,2307064
검암경서동,2308051
연희동,2308053
가정1동,2308054
가정2동,2308055
가정3동,2308056
석남1동,2308058
석남2동,2308059
석남3동,2308060
가좌1동,2308062
가좌2동,2308063
가좌3동,2308064
가좌4동,2308065
신현원창동,2308073
청라1동,2308074
청라2동,2308078
청라3동,2308079
검단동,2308080
불로대곡동,2308081
원당동,2308082
오류왕길동,2308084
당하동,2308085
마전동,2308086
숭의2동,2309052
숭의4동,2309054
용현2동,2309056
용현3동,2309057
용현5동,2309059
학익1동,2309060
학익2동,2309061
도화1동,2309062
주안1동,2309065
주안2동,2309066
주안3동,2309067
주안4동,2309068
주안5동,2309069
주안6동,2309070
주안7동,2309071
주안8동,2309072
관교동,2309073
문학동,2309074
숭의1·3동,2309075
용현1·4동,2309076
도화2·3동,2309077
강화읍,2331011
선원면,2331031
불은면,2331032
길상면,2331033
화도면,2331034
양도면,2331035
내가면,2331036
하점면,2331037
양사면,2331038
송해면,2331039
교동면,2331040
삼산면,2331041
서도면,2331042
북도면,2332031
연평면,2332032
백령면,2332033
대청면,2332034
덕적면,2332035
자월면,2332036
영흥면,2332037
충장동,2401051
동명동,2401054
계림1동,2401056
계림2동,2401058
산수1동,2401059
산수2동,2401061
지산1동,2401062
지산2동,2401063
서남동,2401064
학동,2401068
학운동,2401071
지원1동,2401072
지원2동,2401073
양동,2402051
양3동,2402053
농성1동,2402054
농성2동,2402055
광천동,2402056
유덕동,2402057
상무1동,2402058
상무2동,2402059
화정1동,2402060
화정2동,2402061
화정3동,2402062
화정4동,2402063
서창동,2402064
치평동,2402066
풍암동,2402067
금호1동,2402068
금호2동,2402069
동천동,2402070
양림동,2403051
방림1동,2403052
방림2동,2403053
사직동,2403054
월산동,2403057
월산4동,2403060
월산5동,2403061
백운1동,2403062
백운2동,2403063
주월1동,2403064
주월2동,2403065
효덕동,2403066
송암동,2403067
봉선1동,2403068
봉선2동,2403069
대촌동,2403070
중흥1동,2404051
중흥2동,2404052
중흥3동,2404053
중앙동,2404054
임동,2404055
신안동,2404056
용봉동,2404057
운암1동,2404058
운암2동,2404059
운암3동,2404060
동림동,2404061
우산동,2404062
풍향동,2404063
문화동,2404064
문흥1동,2404065
문흥2동,2404066
두암1동,2404067
두암2동,2404068
두암3동,2404069
삼각동,2404070
매곡동,2404071
오치1동,2404072
오치2동,2404073
석곡동,2404074
일곡동,2404078
건국동,2404079
양산동,2404080
송정1동,2405051
송정2동,2405052
도산동,2405054
신흥동,2405055
어룡동,2405056
우산동,2405058
월곡1동,2405059
월곡2동,2405060
비아동,2405061
하남동,2405063
임곡동,2405064
동곡동,2405065
평동,2405066
삼도동,2405067
본량동,2405068
첨단1동,2405069
첨단2동,2405070
운남동,2405071
신창동,2405073
신가동,2405074
수완동,2405075
효동,2501053
판암1동,2501055
판암2동,2501056
용운동,2501057
자양동,2501060
가양1동,2501063
가양2동,2501064
용전동,2501065
홍도동,2501068
대청동,2501073
산내동,2501075
중앙동,2501076
신인동,2501077
대동,2501078
성남동,2501079
삼성동,2501080
은행선화동,2502051
목동,2502053
중촌동,2502054
대흥동,2502055
문창동,2502056
석교동,2502057
대사동,2502058
부사동,2502059
용두동,2502060
오류동,2502062
태평1동,2502063
태평2동,2502064
유천1동,2502065
유천2동,2502066
문화1동,2502067
문화2동,2502068
산성동,2502069
복수동,2503051
도마1동,2503052
도마2동,2503053
정림동,2503054
변동,2503055
용문동,2503056
탄방동,2503057
둔산1동,2503059
둔산2동,2503060
괴정동,2503061
가장동,2503062
내동,2503063
갈마1동,2503064
갈마2동,2503065
월평1동,2503066
월평2동,2503067
월평3동,2503068
만년동,2503069
가수원동,2503070
기성동,2503071
관저1동,2503072
관저2동,2503073
둔산3동,2503074
진잠동,2504051
온천2동,2504054
신성동,2504055
전민동,2504057
노은1동,2504059
구즉동,2504061
관평동,2504063
온천1동,2504064
원신흥동,2504065
노은2동,2504066
노은3동,2504067
오정동,2505051
대화동,2505052
회덕동,2505053
비래동,2505054
중리동,2505055
법1동,2505056
법2동,2505057
신탄진동,2505058
석봉동,2505059
덕암동,2505060
목상동,2505061
송촌동,2505062
학성동,2601051
반구1동,2601052
반구2동,2601053
복산1동,2601054
복산2동,2601055
우정동,2601059
태화동,2601060
다운동,2601061
병영1동,2601062
병영2동,2601063
약사동,2601064
성안동,2601066
중앙동,2601067
신정1동,2602051
신정2동,2602052
신정3동,2602053
신정4동,2602054
신정5동,2602055
달동,2602056
삼산동,2602057
삼호동,2602058
무거동,2602059
옥동,2602060
야음장생포동,2602061
대현동,2602062
수암동,2602063
선암동,2602064
방어동,2603051
일산동,2603052
화정동,2603053
대송동,2603054
전하1동,2603055
남목1동,2603058
남목2동,2603059
남목3동,2603060
전하2동,2603061
농소1동,2604051
농소2동,2604052
농소3동,2604053
강동동,2604054
효문동,2604056
송정동,2604057
양정동,2604058
염포동,2604059
온산읍,2631011
언양읍,2631012
온양읍,2631013
범서읍,2631014
청량읍,2631015
서생면,2631031
웅촌면,2631034
두동면,2631036
두서면,2631037
상북면,2631038
삼남면,2631039
삼동면,2631040
조치원읍,2901011
연기면,2901031
연동면,2901032
부강면,2901033
금남면,2901034
장군면,2901035
연서면,2901036
전의면,2901037
전동면,2901038
소정면,2901039
도담동,2901053
종촌동,2901056
아름동,2901059
고운동,2901060
한솔동,2901061
새롬동,2901062
대평동,2901064
소담동,2901065
보람동,2901066
파장동,3101154
율천동,3101155
정자1동,3101156
정자2동,3101157
영화동,3101158
송죽동,3101159
조원1동,3101160
연무동,3101161
정자3동,3101162
조원2동,3101163
세류1동,3101252
세류2동,3101253
세류3동,3101254
평동,3101255
서둔동,3101256
구운동,3101257
권선1동,3101260
곡선동,3101261
입북동,3101262
권선2동,3101264
금곡동,3101265
호매실동,3101266
지동,3101353
우만1동,3101354
우만2동,3101355
인계동,3101356
매교동,3101367
매산동,3101368
고등동,3101369
화서1동,3101370
화서2동,3101371
행궁동,3101372
매탄1동,3101451
매탄2동,3101452
매탄3동,3101453
매탄4동,3101454
원천동,3101460
광교1동,3101462
광교2동,3101463
영통1동,3101464
영통2동,3101465
영통3동,3101466
망포1동,3101467
망포2동,3101468
신흥1동,3102151
신흥2동,3102152
신흥3동,3102153
태평1동,3102154
태평2동,3102155
태평3동,3102156
태평4동,3102157
수진1동,3102158
수진2동,3102159
단대동,3102160
산성동,3102161
양지동,3102162
신촌동,3102164
고등동,3102165
시흥동,3102166
복정동,3102167
위례동,3102168
성남동,3102251
금광1동,3102253
금광2동,3102254
은행1동,3102255
은행2동,3102256
상대원1동,3102257
상대원2동,3102258
상대원3동,3102259
하대원동,3102260
도촌동,3102261
중앙동,3102262
분당동,3102351
수내3동,3102352
수내1동,3102353
수내2동,3102354
정자2동,3102355
정자3동,3102356
서현1동,3102358
서현2동,3102359
이매1동,3102360
이매2동,3102361
야탑1동,3102362
야탑3동,3102363
야탑2동,3102364
구미동,3102367
운중동,3102368
금곡동,3102371
구미1동,3102372
삼평동,3102374
판교동,3102375
백현동,3102376
정자1동,3102377
정자동,3102378
의정부2동,3103052
호원1동,3103055
장암동,3103056
신곡1동,3103057
신곡2동,3103058
송산1동,3103059
자금동,3103060
녹양동,3103064
호원2동,3103065
흥선동,3103067
가능동,3103068
의정부1동,3103069
송산2동,3103070
송산3동,3103071
안양1동,3104151
안양2동,3104152
안양3동,3104153
안양4동,3104154
안양5동,3104155
안양6동,3104156
안양7동,3104157
안양8동,3104158
안양9동,3104159
석수1동,3104160
석수2동,3104161
석수3동,3104162
박달1동,3104163
박달2동,3104164
비산1동,3104251
비산2동,3104252
비산3동,3104253
부흥동,3104254
달안동,3104255
관양1동,3104256
관양2동,3104257
부림동,3104258
평촌동,3104259
평안동,3104260
귀인동,3104261
호계1동,3104262
호계2동,3104263
호계3동,3104264
범계동,3104265
신촌동,3104266
갈산동,3104267
심곡동,3105087
부천동,3105088
중동,3105089
신중동,3105090
상동,3105091
대산동,3105092
소사본동,3105093
범안동,3105094
성곡동,3105095
오정동,3105096
광명1동,3106051
광명2동,3106052
광명3동,3106053
광명4동,3106054
광명5동,3106055
광명6동,3106056
광명7동,3106057
철산1동,3106058
철산2동,3106059
철산3동,3106060
철산4동,3106061
하안1동,3106062
하안2동,3106063
하안3동,3106064
하안4동,3106065
소하1동,3106066
소하2동,3106067
학온동,3106068
팽성읍,3107011
안중읍,3107012
포승읍,3107013
청북읍,3107014
진위면,3107031
서탄면,3107032
고덕면,3107033
오성면,3107034
현덕면,3107037
중앙동,3107051
서정동,3107052
송탄동,3107053
지산동,3107055
송북동,3107056
신장1동,3107057
신장2동,3107058
신평동,3107059
원평동,3107060
통복동,3107061
비전1동,3107062
세교동,3107064
비전2동,3107065
용이동,3107066
생연1동,3108051
생연2동,3108052
중앙동,3108053
보산동,3108055
불현동,3108056
소요동,3108058
상패동,3108060
송내동,3108061
일동,3109151
본오1동,3109154
본오2동,3109155
본오3동,3109156
부곡동,3109157
월피동,3109158
성포동,3109162
반월동,3109171
안산동,3109173
이동,3109174
사동,3109176
사이동,3109177
해양동,3109178
와동,3109259
초지동,3109266
선부1동,3109268
선부2동,3109269
선부3동,3109270
대부동,3109272
호수동,3109273
고잔동,3109274
중앙동,3109275
원곡동,3109276
신길동,3109277
백운동,3109278
주교동,3110151
원신동,3110152
흥도동,3110153
성사1동,3110154
성사2동,3110155
효자동,3110156
창릉동,3110158
고양동,3110159
관산동,3110160
능곡동,3110161
화정1동,3110162
화정2동,3110163
행주동,3110164
행신1동,3110165
행신2동,3110166
화전동,3110167
대덕동,3110168
행신3동,3110169
삼송동,3110170
식사동,3110351
중산동,3110352
정발산동,3110353
풍산동,3110354
백석1동,3110355
마두1동,3110356
마두2동,3110357
장항1동,3110358
장항2동,3110359
고봉동,3110360
백석2동,3110361
일산1동,3110451
일산2동,3110452
일산3동,3110453
탄현동,3110454
주엽1동,3110455
주엽2동,3110456
대화동,3110457
송포동,3110458
송산동,3110459
중앙동,3111051
갈현동,3111052
별양동,3111053
부림동,3111054
과천동,3111055
문원동,3111056
갈매동,3112051
동구동,3112052
인창동,3112053
교문1동,3112054
교문2동,3112055
수택1동,3112056
수택2동,3112057
수택3동,3112058
와부읍,3113011
진접읍,3113012
화도읍,3113013
진건읍,3113014
오남읍,3113015
퇴계원읍,3113016
별내면,3113031
수동면,3113034
조안면,3113035
호평동,3113051
평내동,3113052
금곡동,3113053
양정동,3113054
별내동,3113057
다산1동,3113058
다산2동,3113059
중앙동,3114051
대원동,3114052
남촌동,3114053
신장동,3114054
세마동,3114055
초평동,3114056
대야동,3115051
신천동,3115052
신현동,3115053
은행동,3115054
매화동,3115055
목감동,3115056
과림동,3115059
정왕2동,3115061
정왕3동,3115062
정왕본동,3115064
정왕1동,3115065
능곡동,3115067
군자동,3115068
월곶동,3115069
연성동,3115070
장곡동,3115071
정왕4동,3115072
배곧동,3115073
군포1동,3116051
군포2동,3116052
산본1동,3116054
산본2동,3116055
금정동,3116056
재궁동,3116057
오금동,3116058
수리동,3116059
궁내동,3116060
광정동,3116061
대야동,3116062
고천동,3117051
부곡동,3117052
오전동,3117053
내손1동,3117054
내손2동,3117055
청계동,3117056
천현동,3118051
신장1동,3118052
신장2동,3118053
덕풍1동,3118054
덕풍2동,3118055
덕풍3동,3118056
춘궁동,3118059
초이동,3118060
풍산동,3118061
미사1동,3118062
미사2동,3118063
위례동,3118065
감북동,3118066
감일동,3118067
포곡읍,3119111
모현읍,3119112
이동읍,3119113
남사면,3119132
원삼면,3119134
백암면,3119135
양지면,3119136
중앙동,3119151
역삼동,3119152
유림동,3119153
동부동,3119154
구갈동,3119252
기흥동,3119254
서농동,3119255
구성동,3119256
마북동,3119257
보정동,3119259
상하동,3119260
신갈동,3119261
영덕1동,3119263
영덕2동,3119264
상갈동,3119265
보라동,3119266
동백1동,3119267
동백2동,3119268
동백3동,3119269
풍덕천1동,3119351
풍덕천2동,3119352
신봉동,3119353
죽전1동,3119354
죽전2동,3119355
동천동,3119356
상현1동,3119357
상현2동,3119358
성복동,3119359
문산읍,3120011
파주읍,3120012
법원읍,3120013
조리읍,3120015
진동면,3120021
장단면,3120026
진서면,3120027
월롱면,3120031
탄현면,3120032
광탄면,3120035
파평면,3120036
적성면,3120037
군내면,3120038
금촌2동,3120052
금촌1동,3120053
금촌3동,3120054
교하동,3120055
운정1동,3120056
운정2동,3120057
운정3동,3120058
장호원읍,3121011
부발읍,3121012
신둔면,3121031
백사면,3121032
호법면,3121033
마장면,3121034
대월면,3121035
모가면,3121036
설성면,3121037
율면,3121038
창전동,3121051
중리동,3121052
관고동,3121053
증포동,3121054
공도읍,3122011
보개면,3122031
금광면,3122032
서운면,3122033
미양면,3122034
대덕면,3122035
양성면,3122036
원곡면,3122038
일죽면,3122039
죽산면,3122040
삼죽면,3122041
고삼면,3122042
안성1동,3122051
안성2동,3122052
안성3동,3122053
통진읍,3123011
고촌읍,3123012
양촌읍,3123013
대곶면,3123034
월곶면,3123035
하성면,3123036
사우동,3123053
풍무동,3123054
장기동,3123056
운양동,3123060
김포본동,3123061
장기본동,3123062
구래동,3123063
마산동,3123064
봉담읍,3124012
우정읍,3124013
향남읍,3124014
남양읍,3124015
매송면,3124031
비봉면,3124033
마도면,3124035
송산면,3124036
서신면,3124037
팔탄면,3124038
장안면,3124039
양감면,3124042
정남면,3124043
진안동,3124052
병점1동,3124053
병점2동,3124054
반월동,3124055
기배동,3124056
화산동,3124057
동탄2동,3124060
동탄1동,3124061
동탄3동,3124062
동탄4동,3124064
동탄5동,3124065
새솔동,3124067
동탄7동,3124069
동탄6동,3124070
동탄8동,3124071
오포읍,3125011
초월읍,3125012
곤지암읍,3125014
도척면,3125034
퇴촌면,3125035
남종면,3125036
남한산성면,3125038
경안동,3125051
송정동,3125052
광남동,3125053
백석읍,3126011
은현면,3126031
남면,3126032
광적면,3126033
장흥면,3126034
양주1동,3126051
양주2동,3126052
회천1동,3126053
회천2동,3126054
회천3동,3126055
회천4동,3126056
소흘읍,3127011
군내면,3127031
내촌면,3127032
가산면,3127033
신북면,3127034
창수면,3127035
영중면,3127036
일동면,3127037
이동면,3127038
영북면,3127039
관인면,3127040
화현면,3127041
포천동,3127051
선단동,3127052
가남읍,3128011
점동면,3128031
능서면,3128032
흥천면,3128033
금사면,3128034
산북면,3128035
대신면,3128036
북내면,3128037
강천면,3128038
여흥동,3128051
중앙동,3128052
오학동,3128053
연천읍,3135011
전곡읍,3135012
군남면,3135031
청산면,3135032
백학면,3135033
미산면,3135034
왕징면,3135035
신서면,3135036
중면,3135037
장남면,3135038
가평읍,3137011
설악면,3137031
청평면,3137032
상면,3137033
북면,3137035
조종면,3137036
양평읍,3138011
강상면,3138031
강하면,3138032
양서면,3138033
옥천면,3138034
서종면,3138035
단월면,3138036
청운면,3138037
양동면,3138038
지평면,3138039
용문면,3138040
개군면,3138041
신북읍,3201011
동면,3201031
동산면,3201032
신동면,3201033
동내면,3201034
남면,3201035
남산면,3201036
서면,3201037
사북면,3201038
북산면,3201039
교동,3201052
조운동,3201053
약사명동,3201054
근화동,3201057
소양동,3201058
후평1동,3201060
후평2동,3201061
후평3동,3201062
효자1동,3201063
효자2동,3201064
효자3동,3201065
석사동,3201066
퇴계동,3201067
강남동,3201068
신사우동,3201071
문막읍,3202011
소초면,3202031
호저면,3202032
지정면,3202033
부론면,3202034
귀래면,3202035
흥업면,3202036
판부면,3202037
신림면,3202038
중앙동,3202051
원인동,3202052
개운동,3202053
명륜1동,3202054
명륜2동,3202055
단구동,3202056
일산동,3202057
학성동,3202058
단계동,3202060
우산동,3202061
태장1동,3202062
태장2동,3202063
봉산동,3202064
행구동,3202066
무실동,3202067
반곡관설동,3202068
주문진읍,3203011
성산면,3203031
왕산면,3203032
구정면,3203033
강동면,3203034
옥계면,3203035
사천면,3203036
연곡면,3203037
홍제동,3203051
중앙동,3203052
옥천동,3203054
교1동,3203055
교2동,3203056
포남1동,3203057
포남2동,3203058
초당동,3203059
송정동,3203060
내곡동,3203061
강남동,3203062
성덕동,3203065
경포동,3203067
천곡동,3204051
송정동,3204052
북삼동,3204053
부곡동,3204054
동호동,3204055
발한동,3204057
묵호동,3204059
북평동,3204060
망상동,3204063
삼화동,3204065
황지동,3205051
황연동,3205052
삼수동,3205053
상장동,3205054
구문소동,3205055
장성동,3205056
철암동,3205058
문곡소도동,3205062
영랑동,3206051
동명동,3206052
금호동,3206054
교동,3206056
노학동,3206057
조양동,3206058
청호동,3206059
대포동,3206060
도계읍,3207011
원덕읍,3207012
근덕면,3207031
하장면,3207032
노곡면,3207033
미로면,3207034
가곡면,3207035
신기면,3207036
남양동,3207051
성내동,3207052
교동,3207053
정라동,3207054
홍천읍,3231011
화촌면,3231031
두촌면,3231032
내촌면,3231033
서석면,3231034
동면,3231035
남면,3231036
서면,3231037
북방면,3231038
내면,3231039
횡성읍,3232011
우천면,3232031
안흥면,3232032
둔내면,3232033
갑천면,3232034
청일면,3232035
공근면,3232036
서원면,3232037
강림면,3232038
영월읍,3233011
상동읍,3233012
중동면,3233031
북면,3233033
남면,3233034
주천면,3233036
김삿갓면,3233038
한반도면,3233039
무릉도원면,3233040
평창읍,3234011
미탄면,3234031
방림면,3234032
대화면,3234033
봉평면,3234034
용평면,3234035
진부면,3234036
대관령면,3234037
정선읍,3235011
고한읍,3235012
사북읍,3235013
신동읍,3235014
남면,3235032
북평면,3235034
임계면,3235035
화암면,3235036
여량면,3235037
철원읍,3236011
김화읍,3236012
갈말읍,3236013
동송읍,3236014
근북면,3236021
근동면,3236026
원동면,3236027
원남면,3236028
임남면,3236029
서면,3236031
근남면,3236032
화천읍,3237011
간동면,3237031
하남면,3237032
상서면,3237033
사내면,3237034
양구읍,3238011
남면,3238031
동면,3238032
방산면,3238033
해안면,3238034
인제읍,3239011
남면,3239031
북면,3239032
기린면,3239033
서화면,3239034
상남면,3239035
간성읍,3240011
거진읍,3240012
수동면,3240026
현내면,3240031
죽왕면,3240032
토성면,3240033
양양읍,3241011
서면,3241031
손양면,3241032
현북면,3241033
현남면,3241034
강현면,3241035
주덕읍,3302011
살미면,3302031
수안보면,3302032
신니면,3302034
노은면,3302035
앙성면,3302036
금가면,3302038
동량면,3302039
산척면,3302040
엄정면,3302041
소태면,3302042
대소원면,3302043
중앙탑면,3302044
성내·충인동,3302051
교현·안림동,3302053
교현2동,3302054
용산동,3302055
지현동,3302056
문화동,3302057
호암·직동,3302058
달천동,3302060
봉방동,3302061
칠금·금릉동,3302062
연수동,3302063
목행·용탄동,3302064
봉양읍,3303011
금성면,3303031
청풍면,3303032
수산면,3303033
덕산면,3303034
한수면,3303035
백운면,3303036
송학면,3303037
교동,3303051
용두동,3303056
청전동,3303059
화산동,3303060
남현동,3303070
영서동,3303071
신백동,3303072
의림지동,3303073
중앙동,3303074
낭성면,3304131
미원면,3304132
가덕면,3304133
남일면,3304134
문의면,3304135
중앙동,3304151
성안동,3304152
탑·대성동,3304153
영운동,3304154
금천동,3304155
용담·명암·산성동,3304156
용암1동,3304157
용암2동,3304158
남이면,3304231
현도면,3304232
사직1동,3304251
사직2동,3304252
사창동,3304253
모충동,3304254
산남동,3304255
분평동,3304256
수곡1동,3304257
수곡2동,3304258
성화·개신·죽림동,3304259
오송읍,3304311
강내면,3304331
옥산면,3304332
운천·신봉동,3304351
복대1동,3304352
복대2동,3304353
가경동,3304354
봉명1동,3304355
봉명2·송정동,3304356
강서1동,3304357
강서2동,3304358
내수읍,3304411
오창읍,3304412
북이면,3304431
오근장동,3304451
우암동,3304452
내덕1동,3304453
내덕2동,3304454
율량·사천동,3304455
보은읍,3332011
속리산면,3332031
장안면,3332032
마로면,3332033
탄부면,3332034
삼승면,3332035
수한면,3332036
회남면,3332037
회인면,3332038
내북면,3332039
산외면,3332040
옥천읍,3333011
동이면,3333031
안남면,3333032
안내면,3333033
청성면,3333034
청산면,3333035
이원면,3333036
군서면,3333037
군북면,3333038
영동읍,3334011
용산면,3334031
황간면,3334032
추풍령면,3334033
매곡면,3334034
상촌면,3334035
양강면,3334036
용화면,3334037
학산면,3334038
양산면,3334039
심천면,3334040
진천읍,3335011
덕산읍,3335012
초평면,3335032
문백면,3335033
백곡면,3335034
이월면,3335035
광혜원면,3335036
괴산읍,3336011
감물면,3336031
장연면,3336032
연풍면,3336033
칠성면,3336034
문광면,3336035
청천면,3336036
청안면,3336037
사리면,3336038
소수면,3336039
불정면,3336040
음성읍,3337011
금왕읍,3337012
소이면,3337031
원남면,3337032
맹동면,3337033
대소면,3337034
삼성면,3337035
생극면,3337036
감곡면,3337037
단양읍,3338011
매포읍,3338012
단성면,3338031
대강면,3338032
가곡면,3338033
영춘면,3338034
어상천면,3338035
적성면,3338036
증평읍,3339014
도안면,3339031
목천읍,3401111
풍세면,3401131
광덕면,3401132
북면,3401133
성남면,3401134
수신면,3401135
병천면,3401136
동면,3401137
중앙동,3401151
문성동,3401152
원성1동,3401153
원성2동,3401154
봉명동,3401155
일봉동,3401156
신방동,3401157
청룡동,3401158
신안동,3401159
성환읍,3401211
성거읍,3401212
직산읍,3401213
입장면,3401231
성정1동,3401251
성정2동,3401252
쌍용1동,3401253
쌍용2동,3401254
쌍용3동,3401255
백석동,3401258
불당동,3401259
부성1동,3401260
부성2동,3401261
유구읍,3402011
이인면,3402031
탄천면,3402032
계룡면,3402033
반포면,3402034
의당면,3402036
정안면,3402037
우성면,3402038
사곡면,3402039
신풍면,3402040
중학동,3402051
금학동,3402055
옥룡동,3402056
신관동,3402057
웅진동,3402058
월송동,3402059
웅천읍,3403011
주포면,3403031
주교면,3403032
오천면,3403033
천북면,3403034
청소면,3403035
청라면,3403036
남포면,3403037
주산면,3403038
미산면,3403039
성주면,3403040
대천1동,3403051
대천2동,3403052
대천3동,3403053
대천4동,3403054
대천5동,3403056
염치읍,3404011
배방읍,3404012
송악면,3404031
탕정면,3404033
음봉면,3404034
둔포면,3404035
영인면,3404036
인주면,3404037
선장면,3404038
도고면,3404039
신창면,3404040
온양1동,3404051
온양2동,3404052
온양3동,3404053
온양4동,3404054
온양5동,3404055
온양6동,3404056
대산읍,3405011
인지면,3405031
부석면,3405032
팔봉면,3405033
지곡면,3405034
성연면,3405035
음암면,3405036
운산면,3405037
해미면,3405038
고북면,3405039
부춘동,3405051
동문1동,3405052
동문2동,3405053
수석동,3405054
석남동,3405055
강경읍,3406011
연무읍,3406012
성동면,3406031
광석면,3406032
노성면,3406033
상월면,3406034
부적면,3406035
연산면,3406036
벌곡면,3406037
양촌면,3406038
가야곡면,3406039
은진면,3406040
채운면,3406041
취암동,3406051
부창동,3406052
두마면,3407031
엄사면,3407033
신도안면,3407034
금암동,3407051
합덕읍,3408011
송악읍,3408012
고대면,3408031
석문면,3408032
대호지면,3408033
정미면,3408034
면천면,3408035
순성면,3408036
우강면,3408037
신평면,3408038
송산면,3408039
당진1동,3408051
당진2동,3408052
당진3동,3408053
금산읍,3431011
금성면,3431031
제원면,3431032
부리면,3431033
군북면,3431034
남일면,3431035
남이면,3431036
진산면,3431037
복수면,3431038
추부면,3431039
부여읍,3433011
규암면,3433031
은산면,3433032
외산면,3433033
내산면,3433034
구룡면,3433035
홍산면,3433036
옥산면,3433037
남면,3433038
충화면,3433039
양화면,3433040
임천면,3433041
장암면,3433042
세도면,3433043
석성면,3433044
초촌면,3433045
장항읍,3434011
서천읍,3434012
마서면,3434031
화양면,3434032
기산면,3434033
한산면,3434034
마산면,3434035
시초면,3434036
문산면,3434037
판교면,3434038
종천면,3434039
비인면,3434040
서면,3434041
청양읍,3435011
운곡면,3435031
대치면,3435032
정산면,3435033
목면,3435034
청남면,3435035
장평면,3435036
남양면,3435037
화성면,3435038
비봉면,3435039
홍성읍,3436011
광천읍,3436012
홍북읍,3436013
금마면,3436032
홍동면,3436033
장곡면,3436034
은하면,3436035
결성면,3436036
서부면,3436037
갈산면,3436038
구항면,3436039
예산읍,3437011
삽교읍,3437012
대술면,3437031
신양면,3437032
광시면,3437033
대흥면,3437034
응봉면,3437035
덕산면,3437036
봉산면,3437037
고덕면,3437038
신암면,3437039
오가면,3437040
태안읍,3438011
안면읍,3438012
고남면,3438031
남면,3438032
근흥면,3438033
소원면,3438034
원북면,3438035
이원면,3438036
동서학동,3501160
서서학동,3501161
중화산1동,3501162
중화산2동,3501163
평화1동,3501164
평화2동,3501165
서신동,3501166
삼천1동,3501167
삼천2동,3501168
삼천3동,3501169
효자1동,3501170
효자2동,3501171
효자3동,3501172
중앙동,3501174
풍남동,3501175
노송동,3501176
완산동,3501177
효자4동,3501178
효자5동,3501179
인후1동,3501254
인후2동,3501255
인후3동,3501256
덕진동,3501257
금암1동,3501258
금암2동,3501259
팔복동,3501260
우아1동,3501261
우아2동,3501262
호성동,3501263
송천1동,3501265
송천2동,3501266
조촌동,3501267
진북동,3501269
혁신동,3501270
여의동,3501271
옥구읍,3502011
옥산면,3502031
회현면,3502032
임피면,3502033
서수면,3502034
대야면,3502035
개정면,3502036
성산면,3502037
나포면,3502038
옥도면,3502039
옥서면,3502040
해신동,3502051
월명동,3502053
신풍동,3502055
삼학동,3502056
중앙동,3502060
흥남동,3502064
조촌동,3502065
경암동,3502066
구암동,3502067
개정동,3502068
수송동,3502069
나운1동,3502070
나운2동,3502071
소룡동,3502072
미성동,3502073
나운3동,3502074
함열읍,3503011
오산면,3503031
황등면,3503032
함라면,3503033
웅포면,3503034
성당면,3503035
용안면,3503036
낭산면,3503037
망성면,3503038
여산면,3503039
금마면,3503040
왕궁면,3503041
춘포면,3503042
삼기면,3503043
용동면,3503044
중앙동,3503051
평화동,3503053
인화동,3503055
동산동,3503057
마동,3503058
남중동,3503059
모현동,3503061
송학동,3503062
신동,3503065
영등1동,3503066
팔봉동,3503069
삼성동,3503070
영등2동,3503071
어양동,3503072
신태인읍,3504011
북면,3504031
입암면,3504032
소성면,3504033
고부면,3504034
영원면,3504035
덕천면,3504036
이평면,3504037
정우면,3504038
태인면,3504039
감곡면,3504040
옹동면,3504041
칠보면,3504042
산내면,3504043
산외면,3504044
수성동,3504051
장명동,3504052
내장상동,3504053
시기동,3504054
연지동,3504057
농소동,3504058
상교동,3504059
초산동,3504060
운봉읍,3505011
주천면,3505031
수지면,3505032
송동면,3505033
주생면,3505034
금지면,3505035
대강면,3505036
대산면,3505037
사매면,3505038
덕과면,3505039
보절면,3505040
산동면,3505041
이백면,3505042
인월면,3505043
아영면,3505044
산내면,3505045
동충동,3505051
죽항동,3505052
노암동,3505054
금동,3505055
왕정동,3505056
향교동,3505057
도통동,3505059
만경읍,3506011
죽산면,3506031
백산면,3506032
용지면,3506033
백구면,3506034
부량면,3506035
공덕면,3506036
청하면,3506037
성덕면,3506038
진봉면,3506039
금구면,3506040
봉남면,3506041
황산면,3506042
금산면,3506043
광활면,3506044
요촌동,3506051
신풍동,3506052
검산동,3506054
교월동,3506058
삼례읍,3531011
봉동읍,3531012
용진읍,3531013
상관면,3531032
이서면,3531033
소양면,3531034
구이면,3531035
고산면,3531036
비봉면,3531037
운주면,3531038
화산면,3531039
동상면,3531040
경천면,3531041
진안읍,3532011
용담면,3532031
안천면,3532032
동향면,3532033
상전면,3532034
백운면,3532035
성수면,3532036
마령면,3532037
부귀면,3532038
정천면,3532039
주천면,3532040
무주읍,3533011
무풍면,3533031
설천면,3533032
적상면,3533033
안성면,3533034
부남면,3533035
장수읍,3534011
산서면,3534031
번암면,3534032
장계면,3534033
천천면,3534034
계남면,3534035
계북면,3534036
임실읍,3535011
청웅면,3535031
운암면,3535032
신평면,3535033
성수면,3535034
오수면,3535035
신덕면,3535036
삼계면,3535037
관촌면,3535038
강진면,3535039
덕치면,3535040
지사면,3535041
순창읍,3536011
인계면,3536031
동계면,3536032
적성면,3536033
유등면,3536034
풍산면,3536035
금과면,3536036
팔덕면,3536037
복흥면,3536038
쌍치면,3536039
구림면,3536040
고창읍,3537011
고수면,3537031
아산면,3537032
무장면,3537033
공음면,3537034
상하면,3537035
해리면,3537036
성송면,3537037
대산면,3537038
심원면,3537039
흥덕면,3537040
성내면,3537041
신림면,3537042
부안면,3537043
부안읍,3538011
주산면,3538031
동진면,3538032
행안면,3538033
계화면,3538034
보안면,3538035
변산면,3538036
진서면,3538037
백산면,3538038
상서면,3538039
하서면,3538040
줄포면,3538041
위도면,3538042
용당1동,3601051
용당2동,3601052
연동,3601053
산정동,3601055
연산동,3601056
원산동,3601057
대성동,3601058
목원동,3601060
동명동,3601062
삼학동,3601063
만호동,3601064
유달동,3601065
죽교동,3601067
북항동,3601068
용해동,3601069
이로동,3601070
상동,3601071
하당동,3601072
신흥동,3601073
삼향동,3601074
옥암동,3601075
부흥동,3601076
부주동,3601077
돌산읍,3602011
소라면,3602031
율촌면,3602032
화양면,3602033
남면,3602034
화정면,3602035
삼산면,3602036
동문동,3602051
한려동,3602052
중앙동,3602053
충무동,3602054
광림동,3602055
서강동,3602056
대교동,3602057
국동,3602058
월호동,3602059
여서동,3602060
문수동,3602061
미평동,3602062
둔덕동,3602063
만덕동,3602064
쌍봉동,3602065
시전동,3602066
여천동,3602067
주삼동,3602068
삼일동,3602069
묘도동,3602070
승주읍,3603011
주암면,3603031
송광면,3603032
외서면,3603033
낙안면,3603034
별량면,3603035
상사면,3603036
해룡면,3603037
서면,3603038
황전면,3603039
월등면,3603040
향동,3603051
매곡동,3603054
삼산동,3603055
조곡동,3603056
덕연동,3603057
풍덕동,3603058
남제동,3603059
저전동,3603060
장천동,3603061
중앙동,3603062
도사동,3603063
왕조1동,3603066
왕조2동,3603067
남평읍,3604011
세지면,3604031
왕곡면,3604032
반남면,3604033
공산면,3604034
동강면,3604035
다시면,3604036
문평면,3604037
노안면,3604038
금천면,3604039
산포면,3604040
다도면,3604041
봉황면,3604042
송월동,3604051
영강동,3604052
금남동,3604054
성북동,3604055
영산동,3604058
이창동,3604060
빛가람동,3604061
광양읍,3606011
봉강면,3606031
옥룡면,3606032
옥곡면,3606033
진상면,3606034
진월면,3606035
다압면,3606036
골약동,3606051
중마동,3606053
광영동,3606054
태인동,3606055
금호동,3606056
담양읍,3631011
봉산면,3631031
고서면,3631032
창평면,3631034
대덕면,3631035
무정면,3631036
금성면,3631037
용면,3631038
월산면,3631039
수북면,3631040
대전면,3631041
가사문학면,3631042
곡성읍,3632011
오곡면,3632031
삼기면,3632032
석곡면,3632033
목사동면,3632034
죽곡면,3632035
고달면,3632036
옥과면,3632037
입면,3632038
겸면,3632039
오산면,3632040
구례읍,3633011
문척면,3633031
간전면,3633032
토지면,3633033
마산면,3633034
광의면,3633035
용방면,3633036
산동면,3633037
고흥읍,3635011
도양읍,3635012
풍양면,3635031
도덕면,3635032
금산면,3635033
도화면,3635034
포두면,3635035
봉래면,3635036
동일면,3635037
점암면,3635038
영남면,3635039
과역면,3635040
남양면,3635041
동강면,3635042
대서면,3635043
두원면,3635044
보성읍,3636011
벌교읍,3636012
노동면,3636031
미력면,3636032
겸백면,3636033
율어면,3636034
복내면,3636035
문덕면,3636036
조성면,3636037
득량면,3636038
회천면,3636039
웅치면,3636040
화순읍,3637011
한천면,3637031
춘양면,3637032
청풍면,3637033
이양면,3637034
능주면,3637035
도곡면,3637036
도암면,3637037
이서면,3637038
동복면,3637040
동면,3637042
백아면,3637043
사평면,3637044
장흥읍,3638011
관산읍,3638012
대덕읍,3638013
용산면,3638031
안양면,3638032
장동면,3638033
장평면,3638034
유치면,3638035
부산면,3638036
회진면,3638037
강진읍,3639011
군동면,3639031
칠량면,3639032
대구면,3639033
마량면,3639034
도암면,3639035
신전면,3639036
성전면,3639037
작천면,3639038
병영면,3639039
옴천면,3639040
해남읍,3640011
삼산면,3640031
화산면,3640032
현산면,3640033
송지면,3640034
북평면,3640035
북일면,3640036
옥천면,3640037
계곡면,3640038
마산면,3640039
황산면,3640040
산이면,3640041
문내면,3640042
화원면,3640043
영암읍,3641011
삼호읍,3641012
덕진면,3641031
금정면,3641032
신북면,3641033
시종면,3641034
도포면,3641035
군서면,3641036
서호면,3641037
학산면,3641038
미암면,3641039
무안읍,3642011
일로읍,3642012
삼향읍,3642013
몽탄면,3642032
청계면,3642033
현경면,3642034
망운면,3642035
해제면,3642036
운남면,3642037
함평읍,3643011
손불면,3643031
신광면,3643032
학교면,3643033
엄다면,3643034
대동면,3643035
나산면,3643036
해보면,3643037
월야면,3643038
영광읍,3644011
백수읍,3644012
홍농읍,3644013
대마면,3644031
묘량면,3644032
불갑면,3644033
군서면,3644034
군남면,3644035
염산면,3644036
법성면,3644037
낙월면,3644038
장성읍,3645011
진원면,3645031
남면,3645032
동화면,3645033
삼서면,3645034
삼계면,3645035
황룡면,3645036
서삼면,3645037
북일면,3645038
북이면,3645039
북하면,3645040
완도읍,3646011
금일읍,3646012
노화읍,3646013
군외면,3646031
신지면,3646032
고금면,3646033
약산면,3646034
청산면,3646035
소안면,3646036
금당면,3646037
보길면,3646038
생일면,3646039
진도읍,3647011
군내면,3647031
고군면,3647032
의신면,3647033
임회면,3647034
지산면,3647035
조도면,3647036
지도읍,3648011
압해읍,3648012
증도면,3648031
임자면,3648032
자은면,3648033
비금면,3648034
도초면,3648035
흑산면,3648036
하의면,3648037
신의면,3648038
장산면,3648039
안좌면,3648040
팔금면,3648041
암태면,3648042
구룡포읍,3701111
연일읍,3701112
오천읍,3701113
대송면,3701131
동해면,3701132
장기면,3701133
호미곶면,3701135
송도동,3701155
청림동,3701156
제철동,3701157
효곡동,3701158
대이동,3701159
상대동,3701160
해도동,3701161
흥해읍,3701211
신광면,3701231
청하면,3701232
송라면,3701233
기계면,3701234
죽장면,3701235
기북면,3701236
양학동,3701258
용흥동,3701261
우창동,3701263
두호동,3701264
장량동,3701265
환여동,3701266
중앙동,3701267
죽도동,3701268
감포읍,3702011
안강읍,3702012
건천읍,3702013
외동읍,3702014
양북면,3702031
양남면,3702032
내남면,3702033
산내면,3702034
서면,3702035
현곡면,3702036
강동면,3702037
천북면,3702038
중부동,3702051
성건동,3702055
월성동,3702058
선도동,3702059
용강동,3702062
황성동,3702063
동천동,3702064
불국동,3702066
보덕동,3702067
황오동,3702068
황남동,3702069
아포읍,3703011
농소면,3703031
남면,3703032
개령면,3703033
감문면,3703034
어모면,3703035
봉산면,3703036
대항면,3703037
감천면,3703038
조마면,3703039
구성면,3703040
지례면,3703041
부항면,3703042
대덕면,3703043
증산면,3703044
양금동,3703055
대신동,3703056
대곡동,3703058
지좌동,3703059
자산동,3703060
평화남산동,3703061
율곡동,3703062
풍산읍,3704011
와룡면,3704031
북후면,3704032
서후면,3704033
풍천면,3704034
일직면,3704035
남후면,3704036
남선면,3704037
임하면,3704038
길안면,3704039
임동면,3704040
예안면,3704041
도산면,3704042
녹전면,3704043
중구동,3704051
명륜동,3704052
용상동,3704054
태화동,3704056
평화동,3704058
안기동,3704059
옥동,3704060
송하동,3704061
서구동,3704062
강남동,3704063
선산읍,3705011
고아읍,3705012
무을면,3705031
옥성면,3705032
도개면,3705033
해평면,3705034
산동면,3705035
장천면,3705036
송정동,3705051
원평1동,3705052
원평2동,3705053
도량동,3705055
지산동,3705056
선주원남동,3705057
형곡1동,3705059
형곡2동,3705060
신평1동,3705061
신평2동,3705062
비산동,3705063
공단1동,3705064
공단2동,3705065
광평동,3705066
상모사곡동,3705067
임오동,3705069
인동동,3705070
진미동,3705071
양포동,3705072
풍기읍,3706011
이산면,3706031
평은면,3706032
문수면,3706033
장수면,3706034
안정면,3706035
봉현면,3706036
순흥면,3706037
단산면,3706038
부석면,3706039
상망동,3706051
하망동,3706053
영주1동,3706055
영주2동,3706058
휴천1동,3706059
휴천2동,3706060
휴천3동,3706061
가흥1동,3706062
가흥2동,3706063
금호읍,3707011
청통면,3707031
신녕면,3707032
화산면,3707033
화북면,3707034
화남면,3707035
자양면,3707036
임고면,3707037
고경면,3707038
북안면,3707039
대창면,3707040
동부동,3707051
중앙동,3707052
서부동,3707053
완산동,3707054
남부동,3707055
함창읍,3708011
중동면,3708032
낙동면,3708033
청리면,3708034
공성면,3708035
외남면,3708036
내서면,3708037
모동면,3708038
모서면,3708039
화동면,3708040
화서면,3708041
화북면,3708042
외서면,3708043
은척면,3708044
공검면,3708045
이안면,3708046
화남면,3708047
사벌국면,3708048
남원동,3708052
북문동,3708053
계림동,3708054
동문동,3708055
동성동,3708056
신흥동,3708057
문경읍,3709011
가은읍,3709012
영순면,3709031
산양면,3709032
호계면,3709033
산북면,3709034
동로면,3709035
마성면,3709036
농암면,3709037
점촌1동,3709057
점촌2동,3709058
점촌3동,3709059
점촌4동,3709060
점촌5동,3709061
하양읍,3710011
진량읍,3710012
압량읍,3710013
와촌면,3710031
자인면,3710032
용성면,3710033
남산면,3710034
남천면,3710036
중앙동,3710051
동부동,3710052
서부1동,3710053
남부동,3710054
북부동,3710055
중방동,3710056
서부2동,3710057
군위읍,3731011
소보면,3731031
효령면,3731032
부계면,3731033
우보면,3731034
의흥면,3731035
산성면,3731036
고로면,3731037
의성읍,3732011
단촌면,3732031
점곡면,3732032
옥산면,3732033
사곡면,3732034
춘산면,3732035
가음면,3732036
금성면,3732037
봉양면,3732038
비안면,3732039
구천면,3732040
단밀면,3732041
단북면,3732042
안계면,3732043
다인면,3732044
신평면,3732045
안평면,3732046
안사면,3732047
청송읍,3733011
부남면,3733032
현동면,3733033
현서면,3733034
안덕면,3733035
파천면,3733036
진보면,3733037
주왕산면,3733038
영양읍,3734011
입암면,3734031
청기면,3734032
일월면,3734033
수비면,3734034
석보면,3734035
영덕읍,3735011
강구면,3735031
남정면,3735032
달산면,3735033
지품면,3735034
축산면,3735035
영해면,3735036
병곡면,3735037
창수면,3735038
화양읍,3736011
청도읍,3736012
각남면,3736031
풍각면,3736032
각북면,3736033
이서면,3736034
운문면,3736035
금천면,3736036
매전면,3736037
대가야읍,3737012
덕곡면,3737031
운수면,3737032
성산면,3737033
다산면,3737034
개진면,3737035
우곡면,3737036
쌍림면,3737037
성주읍,3738011
선남면,3738031
용암면,3738032
수륜면,3738033
가천면,3738034
금수면,3738035
대가면,3738036
벽진면,3738037
초전면,3738038
월항면,3738039
왜관읍,3739011
북삼읍,3739012
석적읍,3739013
지천면,3739031
동명면,3739032
가산면,3739033
약목면,3739036
기산면,3739037
예천읍,3740011
용문면,3740031
감천면,3740034
보문면,3740035
호명면,3740036
유천면,3740037
용궁면,3740038
개포면,3740039
지보면,3740040
풍양면,3740041
효자면,3740042
은풍면,3740043
봉화읍,3741011
물야면,3741031
봉성면,3741032
법전면,3741033
춘양면,3741034
소천면,3741035
석포면,3741036
재산면,3741037
명호면,3741038
상운면,3741039
울진읍,3742011
평해읍,3742012
북면,3742031
근남면,3742033
기성면,3742035
온정면,3742036
죽변면,3742037
후포면,3742038
금강송면,3742039
매화면,3742040
울릉읍,3743011
서면,3743031
북면,3743032
문산읍,3803011
내동면,3803031
정촌면,3803032
금곡면,3803033
진성면,3803034
일반성면,3803035
이반성면,3803036
사봉면,3803037
지수면,3803038
대곡면,3803039
금산면,3803040
집현면,3803041
미천면,3803042
명석면,3803043
대평면,3803044
수곡면,3803045
상평동,3803065
초장동,3803066
평거동,3803067
신안동,3803068
이현동,3803069
판문동,3803070
가호동,3803071
천전동,3803072
성북동,3803073
중앙동,3803074
상봉동,3803075
충무공동,3803076
상대동,3803077
하대동,3803078
산양읍,3805011
용남면,3805031
도산면,3805032
광도면,3805033
욕지면,3805034
한산면,3805035
사량면,3805036
명정동,3805052
중앙동,3805053
정량동,3805054
북신동,3805055
무전동,3805056
도천동,3805062
미수동,3805063
봉평동,3805064
사천읍,3806011
정동면,3806031
사남면,3806032
용현면,3806033
축동면,3806034
곤양면,3806035
곤명면,3806036
서포면,3806037
동서동,3806051
선구동,3806052
동서금동,3806053
벌용동,3806055
향촌동,3806057
남양동,3806059
진영읍,3807011
주촌면,3807032
진례면,3807033
한림면,3807034
생림면,3807035
상동면,3807036
대동면,3807037
동상동,3807051
회현동,3807052
부원동,3807053
내외동,3807054
북부동,3807055
칠산서부동,3807056
활천동,3807058
삼안동,3807059
불암동,3807060
장유1동,3807061
장유2동,3807062
장유3동,3807063
삼랑진읍,3808011
하남읍,3808012
부북면,3808031
상동면,3808032
산외면,3808033
산내면,3808034
단장면,3808035
상남면,3808036
초동면,3808037
무안면,3808038
청도면,3808039
내일동,3808051
내이동,3808052
교동,3808053
삼문동,3808054
가곡동,3808055
일운면,3809031
동부면,3809032
남부면,3809033
거제면,3809034
둔덕면,3809035
사등면,3809036
연초면,3809037
하청면,3809038
장목면,3809039
능포동,3809053
아주동,3809054
옥포1동,3809055
옥포2동,3809056
장평동,3809057
고현동,3809058
상문동,3809059
수양동,3809060
장승포동,3809061
물금읍,3810012
동면,3810031
원동면,3810032
상북면,3810033
하북면,3810034
삼성동,3810052
강서동,3810053
서창동,3810054
소주동,3810055
평산동,3810056
덕계동,3810057
중앙동,3810058
양주동,3810059
동읍,3811111
북면,3811131
대산면,3811132
의창동,3811151
팔룡동,3811152
명곡동,3811153
봉림동,3811154
용지동,3811155
반송동,3811251
중앙동,3811252
상남동,3811253
사파동,3811254
가음정동,3811255
성주동,3811256
웅남동,3811257
구산면,3811331
진동면,3811332
진북면,3811333
진전면,3811334
현동,3811351
가포동,3811352
월영동,3811353
문화동,3811354
완월동,3811357
자산동,3811358
합포동,3811364
산호동,3811365
반월중앙동,3811366
오동동,3811367
교방동,3811368
내서읍,3811411
회원1동,3811451
회원2동,3811452
회성동,3811455
양덕1동,3811456
양덕2동,3811457
합성1동,3811458
합성2동,3811459
구암1동,3811460
구암2동,3811461
봉암동,3811462
석전동,3811463
여좌동,3811554
태백동,3811555
경화동,3811556
병암동,3811557
석동,3811558
이동,3811559
자은동,3811560
덕산동,3811561
풍호동,3811562
웅천동,3811563
웅동1동,3811564
웅동2동,3811565
충무동,3811566
의령읍,3831011
가례면,3831031
칠곡면,3831032
대의면,3831033
화정면,3831034
용덕면,3831035
정곡면,3831036
지정면,3831037
낙서면,3831038
부림면,3831039
봉수면,3831040
궁류면,3831041
유곡면,3831042
가야읍,3832011
칠원읍,3832012
함안면,3832031
군북면,3832032
법수면,3832033
대산면,3832034
칠서면,3832035
칠북면,3832036
산인면,3832038
여항면,3832039
창녕읍,3833011
남지읍,3833012
고암면,3833031
성산면,3833032
대합면,3833033
이방면,3833034
유어면,3833035
대지면,3833036
계성면,3833037
영산면,3833038
장마면,3833039
도천면,3833040
길곡면,3833041
부곡면,3833042
고성읍,3834011
삼산면,3834031
하일면,3834032
하이면,3834033
상리면,3834034
대가면,3834035
영현면,3834036
영오면,3834037
개천면,3834038
구만면,3834039
회화면,3834040
마암면,3834041
동해면,3834042
거류면,3834043
남해읍,3835011
이동면,3835031
상주면,3835032
삼동면,3835033
미조면,3835034
남면,3835035
서면,3835036
고현면,3835037
설천면,3835038
창선면,3835039
하동읍,3836011
화개면,3836031
악양면,3836032
적량면,3836033
횡천면,3836034
고전면,3836035
금남면,3836036
금성면,3836037
진교면,3836038
양보면,3836039
북천면,3836040
청암면,3836041
옥종면,3836042
산청읍,3837011
차황면,3837031
오부면,3837032
생초면,3837033
금서면,3837034
삼장면,3837035
시천면,3837036
단성면,3837037
신안면,3837038
생비량면,3837039
신등면,3837040
함양읍,3838011
마천면,3838031
휴천면,3838032
유림면,3838033
수동면,3838034
지곡면,3838035
안의면,3838036
서하면,3838037
서상면,3838038
백전면,3838039
병곡면,3838040
거창읍,3839011
주상면,3839031
웅양면,3839032
고제면,3839033
북상면,3839034
위천면,3839035
마리면,3839036
남상면,3839037
남하면,3839038
신원면,3839039
가조면,3839040
가북면,3839041
합천읍,3840011
봉산면,3840031
묘산면,3840032
가야면,3840033
야로면,3840034
율곡면,3840035
초계면,3840036
쌍책면,3840037
덕곡면,3840038
청덕면,3840039
적중면,3840040
대양면,3840041
쌍백면,3840042
삼가면,3840043
가회면,3840044
대병면,3840045
용주면,3840046
한림읍,3901011
애월읍,3901012
구좌읍,3901013
조천읍,3901014
한경면,3901031
추자면,3901032
우도면,3901033
일도1동,3901051
일도2동,3901052
이도1동,3901053
이도2동,3901054
삼도1동,3901055
삼도2동,3901056
용담1동,3901057
용담2동,3901058
건입동,3901059
화북동,3901060
삼양동,3901061
봉개동,3901062
아라동,3901063
오라동,3901064
연동,3901065
노형동,3901066
외도동,3901067
이호동,3901068
도두동,3901069
대정읍,3902011
남원읍,3902012
성산읍,3902013
안덕면,3902031
표선면,3902032
송산동,3902051
정방동,3902052
중앙동,3902053
천지동,3902054
효돈동,3902055
영천동,3902056
동홍동,3902057
서홍동,3902058
대륜동,3902059
대천동,3902060
중문동,3902061
예래동,3902062
