행정동코드	시도명	시군구명	읍면동명
1111000000	서울특별시	종로구
1114000000	서울특별시	중구
1117000000	서울특별시	용산구
1120000000	서울특별시	성동구
1121500000	서울특별시	광진구
1123000000	서울특별시	동대문구
1126000000	서울특별시	중랑구
1129000000	서울특별시	성북구
1130500000	서울특별시	강북구
1132000000	서울특별시	도봉구
1135000000	서울특별시	노원구
1138000000	서울특별시	은평구
1141000000	서울특별시	서대문구
1144000000	서울특별시	마포구
1147000000	서울특별시	양천구
1150000000	서울특별시	강서구
1153000000	서울특별시	구로구
1154500000	서울특별시	금천구
1156000000	서울특별시	영등포구
1159000000	서울특별시	동작구
1162000000	서울특별시	관악구
1165000000	서울특별시	서초구
1168000000	서울특별시	강남구
1171000000	서울특별시	송파구
1174000000	서울특별시	강동구
2611000000	부산광역시	중구
2614000000	부산광역시	서구
2617000000	부산광역시	동구
2620000000	부산광역시	영도구
2623000000	부산광역시	부산진구
2626000000	부산광역시	동래구
2629000000	부산광역시	남구
2632000000	부산광역시	북구
2635000000	부산광역시	해운대구
2638000000	부산광역시	사하구
2641000000	부산광역시	금정구
2644000000	부산광역시	강서구
2647061000	부산광역시	연제구
2650000000	부산광역시	수영구
2653000000	부산광역시	사상구
2671000000	부산광역시	기장군
2711000000	대구광역시	중구
2714000000	대구광역시	동구
2717000000	대구광역시	서구
2720000000	대구광역시	남구
2723000000	대구광역시	북구
2726000000	대구광역시	수성구
2729000000	대구광역시	달서구
2771000000	대구광역시	달성군
2811000000	인천광역시	중구
2814000000	인천광역시	동구
2817700000	인천광역시	미추홀구
2818500000	인천광역시	연수구
2820000000	인천광역시	남동구
2823700000	인천광역시	부평구
2824500000	인천광역시	계양구
2826000000	인천광역시	서구
2871000000	인천광역시	강화군
2872000000	인천광역시	옹진군
2911000000	광주광역시	동구
2914000000	광주광역시	서구
2915500000	광주광역시	남구
2917000000	광주광역시	북구
2920000000	광주광역시	광산구
3011000000	대전광역시	동구
3014000000	대전광역시	중구
3017000000	대전광역시	서구
3020000000	대전광역시	유성구
3023000000	대전광역시	대덕구
3111000000	울산광역시	중구
3114000000	울산광역시	남구
3117000000	울산광역시	동구
3120000000	울산광역시	북구
3171000000	울산광역시	울주군
3611025000	세종특별자치시    조치원읍
3611031000	세종특별자치시	연기면
3611032000	세종특별자치시	연동면
3611033000	세종특별자치시	부강면
3611034000	세종특별자치시	금남면
3611035000	세종특별자치시	장군면
3611036000	세종특별자치시	연서면
3611037000	세종특별자치시	전의면
3611038000	세종특별자치시	전동면
3611039000	세종특별자치시	소정면
3611051000	세종특별자치시	한솔동
3611051500	세종특별자치시	새롬동
3611052000	세종특별자치시	도담동
3611053000	세종특별자치시	아름동
3611054000	세종특별자치시	종촌동
3611055000	세종특별자치시	고운동
3611055500	세종특별자치시	소담동
3611056000	세종특별자치시	보람동
3611057000	세종특별자치시	대평동
4111100000	경기도	수원시 장안구
4111300000	경기도	수원시 권선구
4111500000	경기도	수원시 팔달구
4111700000	경기도	수원시 영통구
4113100000	경기도	성남시 수정구
4113300000	경기도	성남시 중원구
4113500000	경기도	성남시 분당구
4115000000	경기도	의정부시
4117000000	경기도	안양시
4119000000	경기도	부천시
4121000000	경기도	광명시
4122000000	경기도	평택시
4125000000	경기도	동두천시
4127000000	경기도	안산시
4128000000	경기도	고양시
4129000000	경기도	과천시
4131000000	경기도	구리시
4136000000	경기도	남양주시
4136200000	경기도	풍양출장소
4139000000	경기도	시흥시
4141000000	경기도	군포시
4143000000	경기도	의왕시
4145000000	경기도	하남시
4146000000	경기도	용인시
4148000000	경기도	파주시
4150000000	경기도	이천시
4155000000	경기도	안성시
4157000000	경기도	김포시
4159000000	경기도	화성시
4161000000	경기도	광주시
4163000000	경기도	양주시
4165000000	경기도	포천시
4167000000	경기도	여주시
4180000000	경기도	연천군
4182000000	경기도	가평군
4183000000	경기도	양평군		19880423
4183025000	경기도	양평군	양평읍	19880423
4183031000	경기도	양평군	강상면	19880423
4183032000	경기도	양평군	강하면	19880423
4183033000	경기도	양평군	양서면	19880423
4183034000	경기도	양평군	옥천면	19880423
4183035000	경기도	양평군	서종면	19880423
4183036000	경기도	양평군	단월면	19880423
4183037000	경기도	양평군	청운면	19880423
4183038000	경기도	양평군	양동면	19880423
4183039500	경기도	양평군	지평면	20061201
4183040000	경기도	양평군	용문면	19880423
4183041000	경기도	양평군	개군면	19880423
4200000000	강원도			19880423
4210500000	동해출장소			19880423
4211000000	강원도	춘천시		19880423
4211025000	강원도	춘천시	신북읍	19950302
4211031000	강원도	춘천시	동면	19950101
4211032000	강원도	춘천시	동산면	19950101
4211033000	강원도	춘천시	신동면	19950101
4211034000	강원도	춘천시	남면	19950101
4211035000	강원도	춘천시	서면	19950101
4211036000	강원도	춘천시	사북면	19950101
4211038000	강원도	춘천시	북산면	19950101
4211039000	강원도	춘천시	동내면	19950101
4211040000	강원도	춘천시	남산면	19950101
4211052000	강원도	춘천시	교동	19950415
4211053000	강원도	춘천시	조운동	19880423
4211054500	강원도	춘천시	약사명동	19981012
4211057000	강원도	춘천시	근화동	19981012
4211058000	강원도	춘천시	소양동	19981012
4211060000	강원도	춘천시	후평1동	19880423
4211061000	강원도	춘천시	후평2동	19880423
4211061100	강원도	춘천시	후평3동	19940827
4211062000	강원도	춘천시	효자1동	19880423
4211063000	강원도	춘천시	효자2동	19880423
4211064000	강원도	춘천시	효자3동	19880423
4211065000	강원도	춘천시	석사동	19950415
4211066000	강원도	춘천시	퇴계동	19880423
4211067500	강원도	춘천시	강남동	19981012
4211070500	강원도	춘천시	신사우동	19981012
4213000000	강원도	원주시		19880423
4213025000	강원도	원주시	문막읍	19950302
4213031000	강원도	원주시	소초면	19950101
4213032000	강원도	원주시	호저면	19950101
4213033000	강원도	원주시	지정면	19950101
4213035000	강원도	원주시	부론면	19950101
4213036000	강원도	원주시	귀래면	19950101
4213037000	강원도	원주시	흥업면	19950101
4213038000	강원도	원주시	판부면	19950101
4213039000	강원도	원주시	신림면	19950101
4213051500	강원도	원주시	중앙동	19990101
4213052000	강원도	원주시	원인동	19880423
4213053000	강원도	원주시	개운동	19880423
4213054100	강원도	원주시	명륜1동	19950301
4213054200	강원도	원주시	명륜2동	19950301
4213055000	강원도	원주시	단구동	19880423
4213056000	강원도	원주시	일산동	19880423
4213057500	강원도	원주시	학성동	19990101
4213059000	강원도	원주시	단계동	19880423
4213060000	강원도	원주시	우산동	19880423
4213061000	강원도	원주시	태장1동	19880423
4213062000	강원도	원주시	태장2동	19880423
4213063500	강원도	원주시	봉산동	19990101
4213065000	강원도	원주시	행구동	19880423
4213066000	강원도	원주시	무실동	19880423
4213067500	강원도	원주시	반곡관설동	19990101
4215000000	강원도	강릉시		19880423
4215025000	강원도	강릉시	주문진읍	19950101
4215031000	강원도	강릉시	성산면	19950101
4215032000	강원도	강릉시	왕산면	19950101
4215033000	강원도	강릉시	구정면	19950101
4215034000	강원도	강릉시	강동면	19950101
4215035000	강원도	강릉시	옥계면	19950101
4215036000	강원도	강릉시	사천면	19950101
4215037000	강원도	강릉시	연곡면	19950101
4215051000	강원도	강릉시	홍제동	19880423
4215052000	강원도	강릉시	중앙동	19981001
4215054000	강원도	강릉시	옥천동	19880423
4215055000	강원도	강릉시	교1동	19880423
4215056000	강원도	강릉시	교2동	19880423
4215057100	강원도	강릉시	포남1동	19950301
4215057200	강원도	강릉시	포남2동	19950301
4215058000	강원도	강릉시	초당동	19880423
4215059000	강원도	강릉시	송정동	19880423
4215060000	강원도	강릉시	내곡동	19880423
4215061500	강원도	강릉시	강남동	19981001
4215064500	강원도	강릉시	성덕동	19981001
4215066500	강원도	강릉시	경포동	19981001
4217000000	강원도	동해시		19880423
4217051000	강원도	동해시	천곡동	19880423
4217052000	강원도	동해시	송정동	19880423
4217053000	강원도	동해시	북삼동	19880423
4217054000	강원도	동해시	부곡동	19880423
4217055000	강원도	동해시	동호동	19880423
4217057000	강원도	동해시	발한동	19981102
4217059000	강원도	동해시	묵호동	19981102
4217060000	강원도	동해시	북평동	19981102
4217063000	강원도	동해시	망상동	19981102
4217065000	강원도	동해시	삼화동	19981102
4219000000	강원도	태백시		19880423
4219051500	강원도	태백시	황지동	19980910
4219052500	강원도	태백시	황연동	19980910
4219053500	강원도	태백시	삼수동	19980910
4219054000	강원도	태백시	상장동	19880423
4219058500	강원도	태백시	문곡소도동	19980910
4219059500	강원도	태백시	장성동	19980910
4219060500	강원도	태백시	구문소동	19980910
4219061500	강원도	태백시	철암동	19980910
4221000000	강원도	속초시		19880423
4221051000	강원도	속초시	영랑동	19981017
4221052000	강원도	속초시	동명동	19880423
4221054000	강원도	속초시	금호동	19981017
4221056000	강원도	속초시	교동	19981017
4221057000	강원도	속초시	노학동	19981017
4221058000	강원도	속초시	조양동	19880423
4221059000	강원도	속초시	청호동	19981017
4221060000	강원도	속초시	대포동	19981017
4223000000	강원도	삼척시		19880423
4223025000	강원도	삼척시	도계읍	19950101
4223025300	강원도	삼척시	원덕읍	19950101
4223025400	강원도	삼척시	원덕읍임원출장소	20010126
4223031000	강원도	삼척시	근덕면	19950101
4223032000	강원도	삼척시	하장면	19950101
4223033000	강원도	삼척시	노곡면	19950101
4223034000	강원도	삼척시	미로면	19950101
4223035000	강원도	삼척시	가곡면	19950101
4223036000	강원도	삼척시	신기면	19950101
4223051000	강원도	삼척시	남양동	19981026
4223053000	강원도	삼척시	교동	19880423
4223054000	강원도	삼척시	정라동	19880423
4223057000	강원도	삼척시	성내동	19981026
4272000000	강원도	홍천군		19880423
4272025000	강원도	홍천군	홍천읍	19880423
4272031000	강원도	홍천군	화촌면	19880423
4272032000	강원도	홍천군	두촌면	19880423
4272033000	강원도	홍천군	내촌면	19880423
4272034000	강원도	홍천군	서석면	19880423
4272035000	강원도	홍천군	동면	19880423
4272036000	강원도	홍천군	남면	19880423
4272037000	강원도	홍천군	서면	19880423
4272038000	강원도	홍천군	북방면	19880423
4272039000	강원도	홍천군	내면	19880423
4273000000	강원도	횡성군		19880423
4273025000	강원도	횡성군	횡성읍	19880423
4273031000	강원도	횡성군	우천면	19880423
4273032000	강원도	횡성군	안흥면	19880423
4273033000	강원도	횡성군	둔내면	19880423
4273034000	강원도	횡성군	갑천면	19880423
4273035000	강원도	횡성군	청일면	19880423
4273036000	강원도	횡성군	공근면	19880423
4273037000	강원도	횡성군	서원면	19880423
4273038000	강원도	횡성군	강림면	19890401
4275000000	강원도	영월군		19880423
4275025000	강원도	영월군	영월읍	19880423
4275025300	강원도	영월군	상동읍	19880423
4275031000	강원도	영월군	중동면	19880423
4275032500	강원도	영월군	김삿갓면	20091020
4275033000	강원도	영월군	북면	19880423
4275034000	강원도	영월군	남면	19880423
4275035500	강원도	영월군	한반도면	20091020
4275035900	강원도	영월군	한반도면쌍용출장	19880423
4275036000	강원도	영월군	주천면	19880423
4275038000	강원도	영월군	무릉도원면	20161115
4276000000	강원도	평창군		19880423
4276025000	강원도	평창군	평창읍	19880423
4276031000	강원도	평창군	미탄면	19880423
4276032000	강원도	평창군	방림면	19880423
4276032500	강원도	평창군	방림면계촌출장소	19880423
4276033000	강원도	평창군	대화면	19880423
4276034000	강원도	평창군	봉평면	19880423
4276035000	강원도	평창군	용평면	19880423
4276036000	강원도	평창군	진부면	19880423
4276038000	강원도	평창군	대관령면	20070901
4277000000	강원도	정선군		19880423
4277025000	강원도	정선군	정선읍	19880423
4277025300	강원도	정선군	고한읍	19880423
4277025600	강원도	정선군	사북읍	19880423
4277025900	강원도	정선군	신동읍	19880423
4277026000	강원도	정선군	신동읍함백출장소	20010126
4277032000	강원도	정선군	남면	19880423
4277034000	강원도	정선군	북평면	19880423
4277035000	강원도	정선군	임계면	19880423
4277036000	강원도	정선군	화암면	20090501
4277037000	강원도	정선군	여량면	20090501
4278000000	강원도	철원군		19880423
4278025000	강원도	철원군	철원읍	19880423
4278025300	강원도	철원군	김화읍	19880423
4278025600	강원도	철원군	갈말읍	19880423
4278025900	강원도	철원군	동송읍	19880423
4278031000	강원도	철원군	서면	19880423
4278031500	강원도	철원군	서면와수출장소	19880423
4278032000	강원도	철원군	근남면	19880423
4278033000	강원도	철원군	근북면	19930310
4278034000	강원도	철원군	근동면	19880423
4278035000	강원도	철원군	원동면	19880423
4278036000	강원도	철원군	원남면	19880423
4278037000	강원도	철원군	임남면	19880423
4279000000	강원도	화천군		19880423
4279025000	강원도	화천군	화천읍	19880423
4279031000	강원도	화천군	간동면	19880423
4279032000	강원도	화천군	하남면	19880423
4279033000	강원도	화천군	상서면	19880423
4279034000	강원도	화천군	사내면	19880423
4280000000	강원도	양구군		19880423
4280025000	강원도	양구군	양구읍	19880423
4280031000	강원도	양구군	남면	19880423
4280032000	강원도	양구군	동면	19880423
4280033000	강원도	양구군	방산면	19880423
4280034000	강원도	양구군	해안면	19880423
4281000000	강원도	인제군		19880423
4281025000	강원도	인제군	인제읍	19880423
4281025100	강원도	인제군	인제읍귀둔출장소	20010126
4281031000	강원도	인제군	남면	19880423
4281032000	강원도	인제군	북면	19880423
4281033000	강원도	인제군	기린면	19880423
4281034000	강원도	인제군	서화면	19880423
4281035000	강원도	인제군	상남면	19880423
4282000000	강원도	고성군		19880423
4282025000	강원도	고성군	간성읍	19880423
4282025300	강원도	고성군	거진읍	19880423
4282031000	강원도	고성군	현내면	20000626
4282032000	강원도	고성군	죽왕면	19880423
4282033000	강원도	고성군	토성면	19880423
4282034000	강원도	고성군	수동면	19880423
4283000000	강원도	양양군		19880423
4283025000	강원도	양양군	양양읍	19880423
4283031000	강원도	양양군	서면	19880423
4283032000	강원도	양양군	손양면	19880423
4283033000	강원도	양양군	현북면	19880423
4283034000	강원도	양양군	현남면	19880423
4283035000	강원도	양양군	강현면	19880423
4300000000	충청북도			19880423
4311000000	충청북도	청주시		19880423
4311100000	충청북도	청주시 상당구		19950101
4311131000	충청북도	청주시 상당구	낭성면	20140701
4311132000	충청북도	청주시 상당구	미원면	20140701
4311133000	충청북도	청주시 상당구	가덕면	20140701
4311134000	충청북도	청주시 상당구	남일면	20140701
4311135000	충청북도	청주시 상당구	문의면	20140701
4311152500	충청북도	청주시 상당구	중앙동	19980201
4311154500	충청북도	청주시 상당구	성안동	19980201
4311162000	충청북도	청주시 상당구	탑대성동	19950101
4311167000	충청북도	청주시 상당구	영운동	19950101
4311168000	충청북도	청주시 상당구	금천동	19950101
4311169000	충청북도	청주시 상당구	용담.명암.산성동	19950101
4311172000	충청북도	청주시 상당구	용암1동	20030401
4311173000	충청북도	청주시 상당구	용암2동	20030401
4311200000	충청북도	청주시 서원구		20140701
4311231000	충청북도	청주시 서원구	남이면	20140701
4311232000	충청북도	청주시 서원구	현도면	20140701
4311251000	충청북도	청주시 서원구	사직1동	20140701
4311252000	충청북도	청주시 서원구	사직2동	20140701
4311253000	충청북도	청주시 서원구	사창동	20140701
4311254000	충청북도	청주시 서원구	모충동	20140701
4311255000	충청북도	청주시 서원구	산남동	20140701
4311256000	충청북도	청주시 서원구	분평동	20140701
4311257000	충청북도	청주시 서원구	수곡1동	20140701
4311258000	충청북도	청주시 서원구	수곡2동	20140701
4311259000	충청북도	청주시 서원구	성화.개신.죽림동	20140701
4311300000	충청북도	청주시 흥덕구		19950101
4311325000	충청북도	청주시 흥덕구	오송읍	20140701
4311331000	충청북도	청주시 흥덕구	강내면	20140701
4311332000	충청북도	청주시 흥덕구	옥산면	20140701
4311370000	충청북도	청주시 흥덕구	운천.신봉동	19950101
4311374100	충청북도	청주시 흥덕구	복대1동	19950101
4311374200	충청북도	청주시 흥덕구	복대2동	19950101
4311374700	충청북도	청주시 흥덕구	가경동	19950101
4311375100	충청북도	청주시 흥덕구	봉명1동	19950101
4311375600	충청북도	청주시 흥덕구	봉명2.송정동	19950101
4311376000	충청북도	청주시 흥덕구	강서제1동	19950101
4311377000	충청북도	청주시 흥덕구	강서제2동	19950101
4311400000	충청북도	청주시 청원구		20140701
4311425000	충청북도	청주시 청원구	내수읍	20140701
4311425300	충청북도	청주시 청원구	오창읍	20140701
4311431000	충청북도	청주시 청원구	북이면	20140701
4311451000	충청북도	청주시 청원구	우암동	20140701
4311452000	충청북도	청주시 청원구	내덕1동	20140701
4311453000	충청북도	청주시 청원구	내덕2동	20140701
4311454000	충청북도	청주시 청원구	율량.사천동	20140701
4311455000	충청북도	청주시 청원구	오근장동	20140701
4313000000	충청북도	충주시		19880423
4313025000	충청북도	충주시	주덕읍	19950302
4313031000	충청북도	충주시	살미면	19950101
4313032500	충청북도	충주시	수안보면	20050401
4313033500	충청북도	충주시	대소원면	20120101
4313035000	충청북도	충주시	신니면	19950101
4313036000	충청북도	충주시	노은면	19950101
4313037000	충청북도	충주시	앙성면	19950101
4313038500	충청북도	충주시	중앙탑면	20140201
4313039000	충청북도	충주시	금가면	19950101
4313040000	충청북도	충주시	동량면	19950101
4313041000	충청북도	충주시	산척면	19950101
4313042000	충청북도	충주시	엄정면	19950101
4313043000	충청북도	충주시	소태면	19950101
4313051500	충청북도	충주시	성내.충인동	19980930
4313053500	충청북도	충주시	교현.안림동	19980930
4313054000	충청북도	충주시	교현2동	19880423
4313055000	충청북도	충주시	용산동	19880423
4313056000	충청북도	충주시	지현동	19880423
4313057100	충청북도	충주시	문화동	19920604
4313058000	충청북도	충주시	호암.직동	19880423
4313060500	충청북도	충주시	달천동	19980930
4313061000	충청북도	충주시	봉방동	19880423
4313062500	충청북도	충주시	칠금.금릉동	20070101
4313063000	충청북도	충주시	연수동	19880423
4313064000	충청북도	충주시	목행.용탄동	19880423
4315000000	충청북도	제천시		19880423
4315025000	충청북도	제천시	봉양읍	19950302
4315031000	충청북도	제천시	금성면	19950101
4315032000	충청북도	제천시	청풍면	19950101
4315033000	충청북도	제천시	수산면	19950101
4315034000	충청북도	제천시	덕산면	19950101
4315035000	충청북도	제천시	한수면	19950101
4315036000	충청북도	제천시	백운면	19950101
4315038000	충청북도	제천시	송학면	19950101
4315051000	충청북도	제천시	교동	19880423
4315051800	충청북도	제천시	의림지동	20170101
4315052800	충청북도	제천시	중앙동	20170101
4315053700	충청북도	제천시	남현동	20110101
4315054700	충청북도	제천시	영서동	20110101
4315056000	충청북도	제천시	용두동	19880423
4315057700	충청북도	제천시	신백동	20110101
4315059000	충청북도	제천시	청전동	19880423
4315060500	충청북도	제천시	화산동	19980925
4372000000	충청북도	보은군		19880423
4372025000	충청북도	보은군	보은읍	19880423
4372031500	충청북도	보은군	속리산면	20071001
4372032500	충청북도	보은군	장안면	20071001
4372033000	충청북도	보은군	마로면	19880423
4372034000	충청북도	보은군	탄부면	19880423
4372035000	충청북도	보은군	삼승면	19880423
4372036000	충청북도	보은군	수한면	19880423
4372037000	충청북도	보은군	회남면	19880423
4372038500	충청북도	보은군	회인면	20071001
4372039000	충청북도	보은군	내북면	19880423
4372040000	충청북도	보은군	산외면	19880423
4373000000	충청북도	옥천군		19880423
4373025000	충청북도	옥천군	옥천읍	19880423
4373031000	충청북도	옥천군	동이면	19880423
4373032000	충청북도	옥천군	안남면	19880423
4373033000	충청북도	옥천군	안내면	19880423
4373034000	충청북도	옥천군	청성면	19880423
4373035000	충청북도	옥천군	청산면	19880423
4373036000	충청북도	옥천군	이원면	19880423
4373037000	충청북도	옥천군	군서면	19880423
4373038000	충청북도	옥천군	군북면	19880423
4374000000	충청북도	영동군		19880423
4374025000	충청북도	영동군	영동읍	19880423
4374031000	충청북도	영동군	용산면	19880423
4374032000	충청북도	영동군	황간면	19880423
4374033500	충청북도	영동군	추풍령면	19910719
4374034000	충청북도	영동군	매곡면	19880423
4374035000	충청북도	영동군	상촌면	19880423
4374036000	충청북도	영동군	양강면	19880423
4374037000	충청북도	영동군	용화면	19880423
4374038000	충청북도	영동군	학산면	19880423
4374039000	충청북도	영동군	양산면	19880423
4374040000	충청북도	영동군	심천면	19880423
4374500000	충청북도	증평군		20030830
4374525000	충청북도	증평군	증평읍	20030830
4374531000	충청북도	증평군	도안면	20030830
4375000000	충청북도	진천군		19880423
4375025000	충청북도	진천군	진천읍	19880423
4375025300	충청북도	진천군	덕산읍	20190701
4375032000	충청북도	진천군	초평면	19880423
4375033000	충청북도	진천군	문백면	19880423
4375034000	충청북도	진천군	백곡면	19880423
4375035000	충청북도	진천군	이월면	19880423
4375037000	충청북도	진천군	광혜원면	20000101
4376000000	충청북도	괴산군		19880423
4376025000	충청북도	괴산군	괴산읍	19880423
4376031000	충청북도	괴산군	감물면	19880423
4376032000	충청북도	괴산군	장연면	19880423
4376033000	충청북도	괴산군	연풍면	19880423
4376034000	충청북도	괴산군	칠성면	19880423
4376035000	충청북도	괴산군	문광면	19880423
4376036000	충청북도	괴산군	청천면	19880423
4376037000	충청북도	괴산군	청안면	19880423
4376039000	충청북도	괴산군	사리면	19880423
4376040000	충청북도	괴산군	소수면	19880423
4376041000	충청북도	괴산군	불정면	19880423
4377000000	충청북도	음성군		19880423
4377025000	충청북도	음성군	음성읍	19880423
4377025300	충청북도	음성군	금왕읍	19880423
4377031000	충청북도	음성군	소이면	19880423
4377032000	충청북도	음성군	원남면	19880423
4377033000	충청북도	음성군	맹동면	19880423
4377034000	충청북도	음성군	대소면	19880423
4377035000	충청북도	음성군	삼성면	19880423
4377036000	충청북도	음성군	생극면	19880423
4377037000	충청북도	음성군	감곡면	19880423
4380000000	충청북도	단양군		19880423
4380025000	충청북도	단양군	단양읍	19880423
4380025300	충청북도	단양군	매포읍	19880423
4380031000	충청북도	단양군	대강면	19880423
4380032000	충청북도	단양군	가곡면	19880423
4380033000	충청북도	단양군	영춘면	19880423
4380034000	충청북도	단양군	어상천면	19880423
4380035000	충청북도	단양군	적성면	19880423
4380036000	충청북도	단양군	단성면	19920101
4400000000	충청남도			19880423
4413000000	충청남도	천안시		19880423
4413100000	충청남도	천안시 동남구		20080623
4413125000	충청남도	천안시 동남구	목천읍	20080623
4413131000	충청남도	천안시 동남구	풍세면	20080623
4413132000	충청남도	천안시 동남구	광덕면	20080623
4413133000	충청남도	천안시 동남구	북면	20080623
4413134000	충청남도	천안시 동남구	성남면	20080623
4413135000	충청남도	천안시 동남구	수신면	20080623
4413136000	충청남도	천안시 동남구	병천면	20080623
4413137000	충청남도	천안시 동남구	동면	20080623
4413151000	충청남도	천안시 동남구	중앙동	20080623
4413152000	충청남도	천안시 동남구	문성동	20080623
4413153000	충청남도	천안시 동남구	원성1동	20080623
4413154000	충청남도	천안시 동남구	원성2동	20080623
4413155000	충청남도	천안시 동남구	봉명동	20080623
4413156000	충청남도	천안시 동남구	일봉동	20080623
4413157000	충청남도	천안시 동남구	신방동	20080623
4413158000	충청남도	천안시 동남구	청룡동	20080623
4413159000	충청남도	천안시 동남구	신안동	20080623
4413300000	충청남도	천안시 서북구		20080623
4413325000	충청남도	천안시 서북구	성환읍	20080623
4413325300	충청남도	천안시 서북구	성거읍	20080623
4413325600	충청남도	천안시 서북구	직산읍	20080623
4413331000	충청남도	천안시 서북구	입장면	20080623
4413351000	충청남도	천안시 서북구	성정1동	20080623
4413352000	충청남도	천안시 서북구	성정2동	20080623
4413353000	충청남도	천안시 서북구	쌍용1동	20080623
4413354000	충청남도	천안시 서북구	쌍용2동	20080623
4413355000	충청남도	천안시 서북구	쌍용3동	20080623
4413356000	충청남도	천안시 서북구	백석동	20080623
4413356500	충청남도	천안시 서북구	불당동	20131014
4413358000	충청남도	천안시 서북구	부성1동	20131014
4413359000	충청남도	천안시 서북구	부성2동	20131014
4415000000	충청남도	공주시		19880423
4415025000	충청남도	공주시	유구읍	19950302
4415031000	충청남도	공주시	이인면	19950101
4415032000	충청남도	공주시	탄천면	19950101
4415033000	충청남도	공주시	계룡면	19950101
4415034000	충청남도	공주시	반포면	19950101
4415036000	충청남도	공주시	의당면	19950101
4415037000	충청남도	공주시	정안면	19950101
4415038000	충청남도	공주시	우성면	19950101
4415039000	충청남도	공주시	사곡면	19950101
4415040000	충청남도	공주시	신풍면	19950101
4415051000	충청남도	공주시	중학동	19880423
4415054000	충청남도	공주시	웅진동	19880423
4415055000	충청남도	공주시	금학동	19880423
4415056000	충청남도	공주시	옥룡동	19880423
4415057000	충청남도	공주시	신관동	19880423
4415059000	충청남도	공주시	월송동	20120701
4418000000	충청남도	보령시		19950101
4418025000	충청남도	보령시	웅천읍	19950302
4418031000	충청남도	보령시	주포면	19950101
4418032000	충청남도	보령시	오천면	19950101
4418032500	충청남도	보령시	오천면어항출장소	19950101
4418032700	충청남도	보령시	오천면원산도출장	19950101
4418033000	충청남도	보령시	천북면	19950101
4418034000	충청남도	보령시	청소면	19950101
4418035000	충청남도	보령시	청라면	19950101
4418036000	충청남도	보령시	남포면	19950101
4418038000	충청남도	보령시	주산면	19950101
4418039000	충청남도	보령시	미산면	19950101
4418040000	충청남도	보령시	성주면	19950101
4418041000	충청남도	보령시	주교면	19950101
4418051500	충청남도	보령시	대천1동	19990720
4418052500	충청남도	보령시	대천2동	19990720
4418053500	충청남도	보령시	대천3동	19990720
4418054500	충청남도	보령시	대천4동	19990720
4418056500	충청남도	보령시	대천5동	19990720
4420000000	충청남도	아산시		19950101
4420025000	충청남도	아산시	염치읍	19950101
4420025300	충청남도	아산시	배방읍	20090501
4420031000	충청남도	아산시	송악면	19950101
4420033000	충청남도	아산시	탕정면	19950101
4420035000	충청남도	아산시	음봉면	19950101
4420036000	충청남도	아산시	둔포면	19950101
4420037000	충청남도	아산시	영인면	19950101
4420038000	충청남도	아산시	인주면	19950101
4420039000	충청남도	아산시	선장면	19950101
4420040000	충청남도	아산시	도고면	19950101
4420041000	충청남도	아산시	신창면	19950101
4420057000	충청남도	아산시	온양1동	20030831
4420058000	충청남도	아산시	온양2동	20030831
4420059000	충청남도	아산시	온양3동	20030831
4420060000	충청남도	아산시	온양4동	20030831
4420061000	충청남도	아산시	온양5동	20030831
4420062000	충청남도	아산시	온양6동	20030831
4421000000	충청남도	서산시		19890101
4421025000	충청남도	서산시	대산읍	19950101
4421031000	충청남도	서산시	인지면	19950101
4421032000	충청남도	서산시	부석면	19950101
4421033000	충청남도	서산시	팔봉면	19950101
4421034000	충청남도	서산시	지곡면	19950101
4421036000	충청남도	서산시	성연면	19950101
4421037000	충청남도	서산시	음암면	19950101
4421038000	충청남도	서산시	운산면	19950101
4421039000	충청남도	서산시	해미면	19950101
4421040000	충청남도	서산시	고북면	19950101
4421051000	충청남도	서산시	부춘동	19890101
4421052500	충청남도	서산시	동문1동	20080211
4421053500	충청남도	서산시	동문2동	20080211
4421054000	충청남도	서산시	수석동	19890101
4421055000	충청남도	서산시	석남동	19981010
4423000000	충청남도	논산시		19960301
4423025000	충청남도	논산시	강경읍	19960301
4423025300	충청남도	논산시	연무읍	19960301
4423031000	충청남도	논산시	성동면	19960301
4423032000	충청남도	논산시	광석면	19960301
4423033000	충청남도	논산시	노성면	19960301
4423034000	충청남도	논산시	상월면	19960301
4423035000	충청남도	논산시	부적면	19960301
4423036000	충청남도	논산시	연산면	19960301
4423038000	충청남도	논산시	벌곡면	19960301
4423039000	충청남도	논산시	양촌면	19960301
4423040000	충청남도	논산시	가야곡면	19960301
4423041000	충청남도	논산시	은진면	19960301
4423042000	충청남도	논산시	채운면	19960301
4423051000	충청남도	논산시	취암동	19960301
4423052000	충청남도	논산시	부창동	19960301
4425000000	충청남도	계룡시		20030919
4425031000	충청남도	계룡시	두마면	20030919
4425031500	충청남도	계룡시	엄사면	20060320
4425033000	충청남도	계룡시	신도안면	20090521
4425051000	충청남도	계룡시	금암동	20030919
4427000000	충청남도	당진시		20120101
4427025000	충청남도	당진시	합덕읍	20120101
4427025300	충청남도	당진시	송악읍	20120101
4427031000	충청남도	당진시	고대면	20120101
4427032000	충청남도	당진시	석문면	20120101
4427033000	충청남도	당진시	대호지면	20120101
4427034000	충청남도	당진시	정미면	20120101
4427035000	충청남도	당진시	면천면	20120101
4427036000	충청남도	당진시	순성면	20120101
4427037000	충청남도	당진시	우강면	20120101
4427038000	충청남도	당진시	신평면	20120101
4427039000	충청남도	당진시	송산면	20120101
4427051000	충청남도	당진시	당진1동	20120101
4427052000	충청남도	당진시	당진2동	20120101
4427053000	충청남도	당진시	당진3동	20120101
4471000000	충청남도	금산군		19880423
4471025000	충청남도	금산군	금산읍	19880423
4471031000	충청남도	금산군	금성면	19880423
4471032000	충청남도	금산군	제원면	19880423
4471033000	충청남도	금산군	부리면	19880423
4471034000	충청남도	금산군	군북면	19880423
4471035000	충청남도	금산군	남일면	19880423
4471036000	충청남도	금산군	남이면	19880423
4471037000	충청남도	금산군	진산면	19880423
4471038000	충청남도	금산군	복수면	19880423
4471039000	충청남도	금산군	추부면	19880423
4476000000	충청남도	부여군		19880423
4476025000	충청남도	부여군	부여읍	19880423
4476031000	충청남도	부여군	규암면	19880423
4476032000	충청남도	부여군	은산면	19880423
4476033000	충청남도	부여군	외산면	19880423
4476034000	충청남도	부여군	내산면	19880423
4476035000	충청남도	부여군	구룡면	19880423
4476036000	충청남도	부여군	홍산면	19880423
4476037000	충청남도	부여군	옥산면	19880423
4476038000	충청남도	부여군	남면	19880423
4476039000	충청남도	부여군	충화면	19880423
4476040000	충청남도	부여군	양화면	19880423
4476041000	충청남도	부여군	임천면	19880423
4476042000	충청남도	부여군	장암면	19880423
4476043000	충청남도	부여군	세도면	19880423
4476044000	충청남도	부여군	석성면	19880423
4476045000	충청남도	부여군	초촌면	19880423
4477000000	충청남도	서천군		19880423
4477025000	충청남도	서천군	장항읍	19880423
4477025300	충청남도	서천군	서천읍	19880423
4477031000	충청남도	서천군	마서면	19880423
4477032000	충청남도	서천군	화양면	19880423
4477033000	충청남도	서천군	기산면	19880423
4477034000	충청남도	서천군	한산면	19880423
4477035000	충청남도	서천군	마산면	19880423
4477036000	충청남도	서천군	시초면	19880423
4477037000	충청남도	서천군	문산면	19880423
4477038000	충청남도	서천군	판교면	19880423
4477039000	충청남도	서천군	종천면	19880423
4477040000	충청남도	서천군	비인면	19880423
4477041000	충청남도	서천군	서면	19880423
4479000000	충청남도	청양군		19880423
4479025000	충청남도	청양군	청양읍	19880423
4479031000	충청남도	청양군	운곡면	19880423
4479032000	충청남도	청양군	대치면	19880423
4479033000	충청남도	청양군	정산면	19880423
4479034000	충청남도	청양군	목면	19880423
4479035000	충청남도	청양군	청남면	19880423
4479036000	충청남도	청양군	장평면	19880423
4479037000	충청남도	청양군	남양면	19880423
4479038000	충청남도	청양군	화성면	19880423
4479039000	충청남도	청양군	비봉면	19880423
4480000000	충청남도	홍성군		19880423
4480025000	충청남도	홍성군	홍성읍	19880423
4480025300	충청남도	홍성군	광천읍	19880423
4480025600	충청남도	홍성군	홍북읍	20170801
4480032000	충청남도	홍성군	금마면	19880423
4480033000	충청남도	홍성군	홍동면	19880423
4480034000	충청남도	홍성군	장곡면	19880423
4480035000	충청남도	홍성군	은하면	19880423
4480036000	충청남도	홍성군	결성면	19880423
4480037000	충청남도	홍성군	서부면	19880423
4480038000	충청남도	홍성군	갈산면	19880423
4480039000	충청남도	홍성군	구항면	19880423
4481000000	충청남도	예산군		19880423
4481025000	충청남도	예산군	예산읍	19880423
4481025300	충청남도	예산군	삽교읍	19880423
4481031000	충청남도	예산군	대술면	19880423
4481032000	충청남도	예산군	신양면	19880423
4481033000	충청남도	예산군	광시면	19880423
4481034000	충청남도	예산군	대흥면	19880423
4481035000	충청남도	예산군	응봉면	19880423
4481036000	충청남도	예산군	덕산면	19880423
4481037000	충청남도	예산군	봉산면	19880423
4481038000	충청남도	예산군	고덕면	19880423
4481039000	충청남도	예산군	신암면	19880423
4481040000	충청남도	예산군	오가면	19880423
4482500000	충청남도	태안군		19890101
4482525000	충청남도	태안군	태안읍	19890101
4482525300	충청남도	태안군	안면읍	19890101
4482531000	충청남도	태안군	고남면	19890101
4482532000	충청남도	태안군	남면	19890101
4482533000	충청남도	태안군	근흥면	19890101
4482534000	충청남도	태안군	소원면	19890101
4482535000	충청남도	태안군	원북면	19890101
4482536000	충청남도	태안군	이원면	19890101
4500000000	전라북도			19880423
4511000000	전라북도	전주시		19880423
4511100000	전라북도	전주시 완산구		19890501
4511151000	전라북도	전주시 완산구	중앙동	19890501
4511153000	전라북도	전주시 완산구	풍남동	19960901
4511160500	전라북도	전주시 완산구	노송동	20050801
4511163500	전라북도	전주시 완산구	완산동	20050801
4511165000	전라북도	전주시 완산구	동서학동	19980801
4511166000	전라북도	전주시 완산구	서서학동	19890501
4511167100	전라북도	전주시 완산구	중화산1동	19960901
4511167200	전라북도	전주시 완산구	중화산2동	19960901
4511168000	전라북도	전주시 완산구	서신동	19890501
4511169100	전라북도	전주시 완산구	평화1동	19960226
4511169200	전라북도	전주시 완산구	평화2동	19960226
4511170100	전라북도	전주시 완산구	삼천1동	19940808
4511170200	전라북도	전주시 완산구	삼천2동	19940808
4511170300	전라북도	전주시 완산구	삼천3동	19960901
4511171100	전라북도	전주시 완산구	효자1동	19900530
4511171200	전라북도	전주시 완산구	효자2동	19900530
4511171300	전라북도	전주시 완산구	효자3동	19920416
4511171400	전라북도	전주시 완산구	효자4동	19960901
4511173000	전라북도	전주시 완산구	효자5동	20180701
4511300000	전라북도	전주시 덕진구		19890501
4511352500	전라북도	전주시 덕진구	진북동	20050801
4511354000	전라북도	전주시 덕진구	인후1동	19890501
4511355000	전라북도	전주시 덕진구	인후2동	19890501
4511356000	전라북도	전주시 덕진구	인후3동	19890501
4511357000	전라북도	전주시 덕진구	덕진동	19890501
4511358000	전라북도	전주시 덕진구	금암1동	19890501
4511359000	전라북도	전주시 덕진구	금암2동	19890501
4511360000	전라북도	전주시 덕진구	팔복동	19890501
4511361100	전라북도	전주시 덕진구	우아1동	19960901
4511361200	전라북도	전주시 덕진구	우아2동	19960901
4511362000	전라북도	전주시 덕진구	호성동	19890501
4511364100	전라북도	전주시 덕진구	송천1동	19960901
4511364200	전라북도	전주시 덕진구	송천2동	19980101
4511365000	전라북도	전주시 덕진구	조촌동	19890501
4511366000	전라북도	전주시 덕진구	동산동	19890501
4511367000	전라북도	전주시 덕진구	혁신동	20180701
4511800000	전라북도	전주시효자출		19950420
4513000000	전라북도	군산시		19880423
4513025000	전라북도	군산시	옥구읍	19950101
4513031000	전라북도	군산시	옥산면	19950101
4513032000	전라북도	군산시	회현면	19950101
4513033000	전라북도	군산시	임피면	19950101
4513034000	전라북도	군산시	서수면	19950101
4513035000	전라북도	군산시	대야면	19950101
4513036000	전라북도	군산시	개정면	19950101
4513037000	전라북도	군산시	성산면	19950101
4513038000	전라북도	군산시	나포면	19950101
4513039000	전라북도	군산시	옥도면	19950101
4513040000	전라북도	군산시	옥서면	19950101
4513051500	전라북도	군산시	해신동	19981001
4513053000	전라북도	군산시	월명동	19981001
4513055000	전라북도	군산시	신풍동	19880423
4513056000	전라북도	군산시	삼학동	19880423
4513060500	전라북도	군산시	중앙동	19981001
4513064000	전라북도	군산시	흥남동	19880423
4513065000	전라북도	군산시	조촌동	19880423
4513066000	전라북도	군산시	경암동	19880423
4513067000	전라북도	군산시	구암동	19880423
4513068000	전라북도	군산시	개정동	19880423
4513069000	전라북도	군산시	수송동	19880423
4513070100	전라북도	군산시	나운1동	19940801
4513070200	전라북도	군산시	나운2동	19940801
4513070300	전라북도	군산시	나운3동	20030217
4513071000	전라북도	군산시	소룡동	19880423
4513072000	전라북도	군산시	미성동	19890101
4514000000	전라북도	익산시		19950510
4514025000	전라북도	익산시	함열읍	19950510
4514031000	전라북도	익산시	오산면	19950510
4514032000	전라북도	익산시	황등면	19950510
4514033000	전라북도	익산시	함라면	19950510
4514034000	전라북도	익산시	웅포면	19950510
4514035000	전라북도	익산시	성당면	19950510
4514036000	전라북도	익산시	용안면	19950510
4514037000	전라북도	익산시	낭산면	19950510
4514038000	전라북도	익산시	망성면	19950510
4514039000	전라북도	익산시	여산면	19950510
4514040000	전라북도	익산시	금마면	19950510
4514041000	전라북도	익산시	왕궁면	19950510
4514042000	전라북도	익산시	춘포면	19950510
4514043000	전라북도	익산시	삼기면	19950510
4514044000	전라북도	익산시	용동면	19950510
4514052000	전라북도	익산시	중앙동	19980202
4514053000	전라북도	익산시	평화동	19950510
4514056000	전라북도	익산시	인화동	19950510
4514057000	전라북도	익산시	동산동	19950510
4514058000	전라북도	익산시	마동	19950510
4514059500	전라북도	익산시	남중동	19980202
4514061000	전라북도	익산시	모현동	19950510
4514062000	전라북도	익산시	송학동	19950510
4514064600	전라북도	익산시	영등1동	20030301
4514064700	전라북도	익산시	영등2동	20030301
4514065200	전라북도	익산시	어양동	20030301
4514065600	전라북도	익산시	신동	19981009
4514067000	전라북도	익산시	팔봉동	19981009
4514069000	전라북도	익산시	삼성동	19950510
4514500000	전라북도	익산시함열출		19950510
4518000000	전라북도	정읍시		19950101
4518025000	전라북도	정읍시	신태인읍	19950101
4518031000	전라북도	정읍시	북면	19950101
4518032000	전라북도	정읍시	입암면	19950101
4518033000	전라북도	정읍시	소성면	19950101
4518034000	전라북도	정읍시	고부면	19950101
4518035000	전라북도	정읍시	영원면	19950101
4518036000	전라북도	정읍시	덕천면	19950101
4518037000	전라북도	정읍시	이평면	19950101
4518038000	전라북도	정읍시	정우면	19950101
4518039000	전라북도	정읍시	태인면	19950101
4518040000	전라북도	정읍시	감곡면	19950101
4518041000	전라북도	정읍시	옹동면	19950101
4518042000	전라북도	정읍시	칠보면	19950101
4518043000	전라북도	정읍시	산내면	19950101
4518044000	전라북도	정읍시	산외면	19950101
4518051000	전라북도	정읍시	수성동	19950101
4518052000	전라북도	정읍시	장명동	19981030
4518053500	전라북도	정읍시	내장상동	19981030
4518054500	전라북도	정읍시	시기동	19981030
4518056500	전라북도	정읍시	초산동	20110501
4518057000	전라북도	정읍시	연지동	19950101
4518058000	전라북도	정읍시	농소동	19981030
4518059500	전라북도	정읍시	상교동	19981030
4519000000	전라북도	남원시		19880423
4519025000	전라북도	남원시	운봉읍	19950302
4519031000	전라북도	남원시	주천면	19950101
4519032000	전라북도	남원시	수지면	19950101
4519033000	전라북도	남원시	송동면	19950101
4519034000	전라북도	남원시	주생면	19950101
4519035000	전라북도	남원시	금지면	19950101
4519036000	전라북도	남원시	대강면	19950101
4519037000	전라북도	남원시	대산면	19950101
4519038000	전라북도	남원시	사매면	19950101
4519039000	전라북도	남원시	덕과면	19950101
4519040000	전라북도	남원시	보절면	19950101
4519041000	전라북도	남원시	산동면	19950101
4519042000	전라북도	남원시	이백면	19950101
4519045000	전라북도	남원시	아영면	19950101
4519046000	전라북도	남원시	산내면	19950101
4519047000	전라북도	남원시	인월면	19980501
4519051000	전라북도	남원시	동충동	19880423
4519052000	전라북도	남원시	죽항동	19980922
4519054000	전라북도	남원시	노암동	19880423
4519055000	전라북도	남원시	금동	19980922
4519056000	전라북도	남원시	왕정동	19880423
4519057000	전라북도	남원시	향교동	19980922
4519059000	전라북도	남원시	도통동	19880423
4521000000	전라북도	김제시		19890101
4521025000	전라북도	김제시	만경읍	19950302
4521032000	전라북도	김제시	죽산면	19950101
4521033000	전라북도	김제시	백산면	19950101
4521034000	전라북도	김제시	용지면	19950101
4521035000	전라북도	김제시	백구면	19950101
4521036000	전라북도	김제시	부량면	19950101
4521038000	전라북도	김제시	공덕면	19950101
4521039000	전라북도	김제시	청하면	19950101
4521040000	전라북도	김제시	성덕면	19950101
4521041000	전라북도	김제시	진봉면	19950101
4521042000	전라북도	김제시	금구면	19950101
4521043000	전라북도	김제시	봉남면	19950101
4521044000	전라북도	김제시	황산면	19950101
4521045000	전라북도	김제시	금산면	19950101
4521046000	전라북도	김제시	광활면	19950101
4521051000	전라북도	김제시	요촌동	19980926
4521052000	전라북도	김제시	신풍동	19980926
4521054000	전라북도	김제시	검산동	19890101
4521058000	전라북도	김제시	교월동	20111226
4571000000	전라북도	완주군		19880423
4571025000	전라북도	완주군	삼례읍	19880423
4571025300	전라북도	완주군	봉동읍	19880423
4571025600	전라북도	완주군	용진읍	20151001
4571032000	전라북도	완주군	상관면	19880423
4571033000	전라북도	완주군	이서면	19880423
4571034000	전라북도	완주군	소양면	19880423
4571035000	전라북도	완주군	구이면	19880423
4571036000	전라북도	완주군	고산면	19880423
4571037000	전라북도	완주군	비봉면	19880423
4571038000	전라북도	완주군	운주면	19880423
4571039000	전라북도	완주군	화산면	19880423
4571040000	전라북도	완주군	동상면	19880423
4571041000	전라북도	완주군	경천면	19890401
4572000000	전라북도	진안군		19880423
4572025000	전라북도	진안군	진안읍	19880423
4572031000	전라북도	진안군	용담면	19880423
4572032000	전라북도	진안군	안천면	19880423
4572033000	전라북도	진안군	동향면	19880423
4572034000	전라북도	진안군	상전면	19880423
4572035000	전라북도	진안군	백운면	19880423
4572036000	전라북도	진안군	성수면	19880423
4572037000	전라북도	진안군	마령면	19880423
4572038000	전라북도	진안군	부귀면	19880423
4572039000	전라북도	진안군	정천면	19880423
4572040000	전라북도	진안군	주천면	19880423
4573000000	전라북도	무주군		19880423
4573025000	전라북도	무주군	무주읍	19880423
4573031000	전라북도	무주군	무풍면	19880423
4573032000	전라북도	무주군	설천면	19880423
4573033000	전라북도	무주군	적상면	19880423
4573034000	전라북도	무주군	안성면	19880423
4573035000	전라북도	무주군	부남면	19880423
4574000000	전라북도	장수군		19880423
4574025000	전라북도	장수군	장수읍	19880423
4574031000	전라북도	장수군	산서면	19880423
4574032000	전라북도	장수군	번암면	19880423
4574033500	전라북도	장수군	장계면	19931105
4574034000	전라북도	장수군	천천면	19880423
4574035000	전라북도	장수군	계남면	19880423
4574036000	전라북도	장수군	계북면	19880423
4575000000	전라북도	임실군		19880423
4575025000	전라북도	임실군	임실읍	19880423
4575031000	전라북도	임실군	청웅면	19880423
4575032000	전라북도	임실군	운암면	19880423
4575033000	전라북도	임실군	신평면	19880423
4575034000	전라북도	임실군	성수면	19880423
4575035500	전라북도	임실군	오수면	19920801
4575036000	전라북도	임실군	신덕면	19880423
4575037000	전라북도	임실군	삼계면	19880423
4575038000	전라북도	임실군	관촌면	19880423
4575039000	전라북도	임실군	강진면	19880423
4575040000	전라북도	임실군	덕치면	19880423
4575041000	전라북도	임실군	지사면	19880423
4577000000	전라북도	순창군		19880423
4577025000	전라북도	순창군	순창읍	19880423
4577031000	전라북도	순창군	인계면	19880423
4577032000	전라북도	순창군	동계면	19880423
4577033000	전라북도	순창군	풍산면	19880423
4577034000	전라북도	순창군	금과면	19880423
4577035000	전라북도	순창군	팔덕면	19880423
4577036000	전라북도	순창군	쌍치면	19880423
4577037000	전라북도	순창군	복흥면	19880423
4577038000	전라북도	순창군	적성면	19880423
4577039000	전라북도	순창군	유등면	19880423
4577040000	전라북도	순창군	구림면	19880423
4579000000	전라북도	고창군		19880423
4579025000	전라북도	고창군	고창읍	19880423
4579031000	전라북도	고창군	고수면	19880423
4579032000	전라북도	고창군	아산면	19880423
4579033000	전라북도	고창군	무장면	19880423
4579034000	전라북도	고창군	공음면	19880423
4579035000	전라북도	고창군	상하면	19880423
4579036000	전라북도	고창군	해리면	19880423
4579037000	전라북도	고창군	성송면	19880423
4579038000	전라북도	고창군	대산면	19880423
4579039000	전라북도	고창군	심원면	19880423
4579040000	전라북도	고창군	흥덕면	19880423
4579041000	전라북도	고창군	성내면	19880423
4579042000	전라북도	고창군	신림면	19880423
4579043000	전라북도	고창군	부안면	19880423
4580000000	전라북도	부안군		19880423
4580025000	전라북도	부안군	부안읍	19880423
4580031000	전라북도	부안군	주산면	19880423
4580032000	전라북도	부안군	동진면	19880423
4580033000	전라북도	부안군	행안면	19880423
4580034000	전라북도	부안군	계화면	19880423
4580035000	전라북도	부안군	보안면	19880423
4580036000	전라북도	부안군	변산면	19880423
4580037000	전라북도	부안군	진서면	19880423
4580038000	전라북도	부안군	백산면	19880423
4580039000	전라북도	부안군	상서면	19880423
4580040000	전라북도	부안군	하서면	19880423
4580041000	전라북도	부안군	줄포면	19880423
4580042000	전라북도	부안군	위도면	19880423
4600000000	전라남도			19880423
4611000000	전라남도	목포시		19880423
4611051000	전라남도	목포시	용당1동	19880423
4611052000	전라남도	목포시	용당2동	19880423
4611053500	전라남도	목포시	연동	20060807
4611054500	전라남도	목포시	산정동	20060807
4611055400	전라남도	목포시	연산동	19970101
4611055800	전라남도	목포시	원산동	19970101
4611056500	전라남도	목포시	대성동	19970101
4611059500	전라남도	목포시	목원동	20060807
4611064000	전라남도	목포시	동명동	19880423
4611064500	전라남도	목포시	삼학동	19970101
4611065500	전라남도	목포시	만호동	20060807
4611066000	전라남도	목포시	유달동	19880423
4611069500	전라남도	목포시	죽교동	20060807
4611070500	전라남도	목포시	북항동	19970101
4611074500	전라남도	목포시	용해동	20060807
4611075000	전라남도	목포시	이로동	19970101
4611075600	전라남도	목포시	상동	19940715
4611075700	전라남도	목포시	하당동	19970101
4611075800	전라남도	목포시	신흥동	19970101
4611078000	전라남도	목포시	삼향동	19880423
4611079000	전라남도	목포시	옥암동	19970101
4611080000	전라남도	목포시	부흥동	19970101
4611081000	전라남도	목포시	부주동	20120125
4613000000	전라남도	여수시		19880423
4613025000	전라남도	여수시	돌산읍	19980401
4613025100	전라남도	여수시	돌산읍우두출장소	20010126
4613025200	전라남도	여수시	돌산읍죽포출장소	20010126
4613031000	전라남도	여수시	소라면	19980401
4613032000	전라남도	여수시	율촌면	19980401
4613033000	전라남도	여수시	화양면	19980401
4613034000	전라남도	여수시	남면	19980401
4613035000	전라남도	여수시	화정면	19980401
4613035600	전라남도	여수시	화정면개도출장소	19980401
4613036000	전라남도	여수시	삼산면	19980401
4613051500	전라남도	여수시	동문동	19970725
4613053500	전라남도	여수시	한려동	19980201
4613057000	전라남도	여수시	중앙동	19970725
4613060000	전라남도	여수시	충무동	19980201
4613062500	전라남도	여수시	광림동	19970725
4613063500	전라남도	여수시	서강동	19970725
4613065500	전라남도	여수시	대교동	19980201
4613067000	전라남도	여수시	국동	19880423
4613068500	전라남도	여수시	월호동	19980201
4613070000	전라남도	여수시	여서동	19880423
4613071000	전라남도	여수시	문수동	19880423
4613073000	전라남도	여수시	미평동	19880423
4613074000	전라남도	여수시	둔덕동	19880423
4613076500	전라남도	여수시	만덕동	19980201
4613078000	전라남도	여수시	쌍봉동	19980401
4613079000	전라남도	여수시	시전동	19980401
4613080000	전라남도	여수시	여천동	19980401
4613081000	전라남도	여수시	주삼동	19980401
4613082000	전라남도	여수시	삼일동	19980401
4613083000	전라남도	여수시	묘도동	19980401
4615000000	전라남도	순천시		19880423
4615025000	전라남도	순천시	승주읍	19950101
4615031000	전라남도	순천시	해룡면	19950101
4615031500	전라남도	순천시	해룡면상삼출장소	19950101
4615031600	전라남도	순천시	해룡면신대출장소	20170101
4615032000	전라남도	순천시	서면	19950101
4615033000	전라남도	순천시	황전면	19950101
4615034000	전라남도	순천시	월등면	19950101
4615035000	전라남도	순천시	주암면	19950101
4615036000	전라남도	순천시	송광면	19950101
4615037000	전라남도	순천시	외서면	19950101
4615038000	전라남도	순천시	낙안면	19950101
4615039000	전라남도	순천시	별량면	19950101
4615040000	전라남도	순천시	상사면	19950101
4615051500	전라남도	순천시	향동	19981011
4615054000	전라남도	순천시	매곡동	19880423
4615055000	전라남도	순천시	삼산동	19880423
4615056000	전라남도	순천시	조곡동	19880423
4615057000	전라남도	순천시	덕연동	19880423
4615058000	전라남도	순천시	풍덕동	19880423
4615059000	전라남도	순천시	남제동	19880423
4615060000	전라남도	순천시	저전동	19880423
4615061000	전라남도	순천시	장천동	19880423
4615062000	전라남도	순천시	중앙동	19880423
4615063500	전라남도	순천시	도사동	19981011
4615066100	전라남도	순천시	왕조1동	20031020
4615066500	전라남도	순천시	왕조2동	20031020
4617000000	전라남도	나주시		19880423
4617025000	전라남도	나주시	남평읍	19950302
4617031000	전라남도	나주시	세지면	19950101
4617032000	전라남도	나주시	왕곡면	19950101
4617033000	전라남도	나주시	반남면	19950101
4617034000	전라남도	나주시	공산면	19950101
4617035000	전라남도	나주시	동강면	19950101
4617036000	전라남도	나주시	다시면	19950101
4617037000	전라남도	나주시	문평면	19950101
4617038000	전라남도	나주시	노안면	19950101
4617039000	전라남도	나주시	금천면	19950101
4617040000	전라남도	나주시	산포면	19950101
4617042000	전라남도	나주시	다도면	19950101
4617043000	전라남도	나주시	봉황면	19950101
4617051000	전라남도	나주시	송월동	19880423
4617052000	전라남도	나주시	영강동	19880423
4617054000	전라남도	나주시	금남동	19981001
4617055000	전라남도	나주시	성북동	19981001
4617058000	전라남도	나주시	영산동	19981001
4617060000	전라남도	나주시	이창동	19981001
4617062000	전라남도	나주시	빛가람동	20140224
4623000000	전라남도	광양시		19950101
4623025000	전라남도	광양시	광양읍	19950101
4623031000	전라남도	광양시	봉강면	19950101
4623032000	전라남도	광양시	옥룡면	19950101
4623033000	전라남도	광양시	옥곡면	19950101
4623034000	전라남도	광양시	진상면	19950101
4623035000	전라남도	광양시	진월면	19950101
4623036000	전라남도	광양시	다압면	19950101
4623051500	전라남도	광양시	골약동	19981125
4623053000	전라남도	광양시	중마동	19950101
4623054000	전라남도	광양시	광영동	19950101
4623055000	전라남도	광양시	금호동	19950101
4623057000	전라남도	광양시	태인동	19950101
4671000000	전라남도	담양군		19880423
4671025000	전라남도	담양군	담양읍	19880423
4671031000	전라남도	담양군	봉산면	19880423
4671032000	전라남도	담양군	고서면	19880423
4671033500	전라남도	담양군	가사문학면	20190219
4671034000	전라남도	담양군	창평면	19880423
4671035000	전라남도	담양군	대덕면	19880423
4671036000	전라남도	담양군	무정면	19880423
4671037000	전라남도	담양군	금성면	19880423
4671038000	전라남도	담양군	용면	19880423
4671039000	전라남도	담양군	월산면	19880423
4671040000	전라남도	담양군	수북면	19880423
4671041000	전라남도	담양군	대전면	19880423
4672000000	전라남도	곡성군		19880423
4672025000	전라남도	곡성군	곡성읍	19880423
4672031000	전라남도	곡성군	오곡면	19880423
4672032000	전라남도	곡성군	삼기면	19880423
4672033000	전라남도	곡성군	석곡면	19880423
4672034000	전라남도	곡성군	목사동면	19880423
4672035000	전라남도	곡성군	죽곡면	19880423
4672036000	전라남도	곡성군	고달면	19880423
4672037000	전라남도	곡성군	옥과면	19880423
4672038000	전라남도	곡성군	입면	19880423
4672039000	전라남도	곡성군	겸면	19880423
4672040000	전라남도	곡성군	오산면	19880423
4673000000	전라남도	구례군		19880423
4673025000	전라남도	구례군	구례읍	19880423
4673031000	전라남도	구례군	문척면	19880423
4673032000	전라남도	구례군	간전면	19880423
4673033000	전라남도	구례군	토지면	19880423
4673034000	전라남도	구례군	마산면	19880423
4673035000	전라남도	구례군	광의면	19880423
4673036000	전라남도	구례군	용방면	19880423
4673037000	전라남도	구례군	산동면	19880423
4677000000	전라남도	고흥군		19880423
4677025000	전라남도	고흥군	고흥읍	19880423
4677025300	전라남도	고흥군	도양읍	19880423
4677025400	전라남도	고흥군	도양읍소록출장소	20010126
4677025500	전라남도	고흥군	도양읍시산출장소	20010126
4677031000	전라남도	고흥군	풍양면	19880423
4677032000	전라남도	고흥군	도덕면	19880423
4677033000	전라남도	고흥군	금산면	19880423
4677034000	전라남도	고흥군	도화면	19880423
4677035000	전라남도	고흥군	포두면	19880423
4677036000	전라남도	고흥군	봉래면	19880423
4677037000	전라남도	고흥군	점암면	19880423
4677038000	전라남도	고흥군	과역면	19880423
4677039000	전라남도	고흥군	남양면	19880423
4677040000	전라남도	고흥군	동강면	19880423
4677041000	전라남도	고흥군	대서면	19880423
4677042000	전라남도	고흥군	두원면	19880423
4677044000	전라남도	고흥군	영남면	19890401
4677045000	전라남도	고흥군	동일면	19900801
4678000000	전라남도	보성군		19880423
4678025000	전라남도	보성군	보성읍	19880423
4678025300	전라남도	보성군	벌교읍	19880423
4678031000	전라남도	보성군	노동면	19880423
4678032000	전라남도	보성군	미력면	19880423
4678033000	전라남도	보성군	겸백면	19880423
4678034000	전라남도	보성군	율어면	19880423
4678035000	전라남도	보성군	복내면	19880423
4678036000	전라남도	보성군	문덕면	19880423
4678037000	전라남도	보성군	조성면	19880423
4678038000	전라남도	보성군	득량면	19880423
4678038500	전라남도	보성군	득량면예당출장소	19930310
4678039000	전라남도	보성군	회천면	19880423
4678040000	전라남도	보성군	웅치면	19880423
4679000000	전라남도	화순군		19880423
4679025000	전라남도	화순군	화순읍	19880423
4679031000	전라남도	화순군	한천면	19880423
4679031500	전라남도	화순군	한천면영외출장소	19880423
4679032000	전라남도	화순군	춘양면	19880423
4679033000	전라남도	화순군	청풍면	19880423
4679034000	전라남도	화순군	이양면	19880423
4679035000	전라남도	화순군	능주면	19880423
4679036000	전라남도	화순군	도곡면	19880423
4679037000	전라남도	화순군	도암면	19880423
4679038000	전라남도	화순군	이서면	19880423
4679039000	전라남도	화순군	북면	19880423
4679040000	전라남도	화순군	동복면	19880423
4679041000	전라남도	화순군	남면	19880423
4679042000	전라남도	화순군	동면	19880423
4680000000	전라남도	장흥군		19880423
4680025000	전라남도	장흥군	장흥읍	19880423
4680025300	전라남도	장흥군	관산읍	19880423
4680025600	전라남도	장흥군	대덕읍	19880423
4680031000	전라남도	장흥군	용산면	19880423
4680032000	전라남도	장흥군	안양면	19880423
4680033000	전라남도	장흥군	장동면	19880423
4680034000	전라남도	장흥군	장평면	19880423
4680035000	전라남도	장흥군	유치면	19880423
4680036000	전라남도	장흥군	부산면	19880423
4680037000	전라남도	장흥군	회진면	19880423
4681000000	전라남도	강진군		19880423
4681025000	전라남도	강진군	강진읍	19880423
4681031000	전라남도	강진군	군동면	19880423
4681032000	전라남도	강진군	칠량면	19880423
4681033000	전라남도	강진군	대구면	19880423
4681034000	전라남도	강진군	도암면	19880423
4681035000	전라남도	강진군	신전면	19880423
4681036000	전라남도	강진군	성전면	19880423
4681037000	전라남도	강진군	작천면	19880423
4681038000	전라남도	강진군	병영면	19880423
4681039000	전라남도	강진군	옴천면	19880423
4681040000	전라남도	강진군	마량면	19890401
4682000000	전라남도	해남군		19880423
4682025000	전라남도	해남군	해남읍	19880423
4682031000	전라남도	해남군	삼산면	19880423
4682032000	전라남도	해남군	화산면	19880423
4682033000	전라남도	해남군	현산면	19880423
4682034000	전라남도	해남군	송지면	19880423
4682035000	전라남도	해남군	북평면	19880423
4682036000	전라남도	해남군	북일면	19880423
4682037000	전라남도	해남군	옥천면	19880423
4682038000	전라남도	해남군	계곡면	19880423
4682039000	전라남도	해남군	마산면	19880423
4682040000	전라남도	해남군	황산면	19880423
4682041000	전라남도	해남군	산이면	19880423
4682042000	전라남도	해남군	문내면	19880423
4682043000	전라남도	해남군	화원면	19880423
4683000000	전라남도	영암군		19880423
4683025000	전라남도	영암군	영암읍	19880423
4683025300	전라남도	영암군	삼호읍	20030501
4683025400	전라남도	영암군	삼호읍서부출장소	20030501
4683031000	전라남도	영암군	덕진면	19880423
4683032000	전라남도	영암군	금정면	19880423
4683033000	전라남도	영암군	신북면	19880423
4683034000	전라남도	영암군	시종면	19880423
4683035000	전라남도	영암군	도포면	19880423
4683036000	전라남도	영암군	군서면	19880423
4683037000	전라남도	영암군	서호면	19880423
4683038000	전라남도	영암군	학산면	19880423
4683039000	전라남도	영암군	미암면	19880423
4684000000	전라남도	무안군		19880423
4684025000	전라남도	무안군	무안읍	19880423
4684025300	전라남도	무안군	일로읍	19880423
4684025600	전라남도	무안군	삼향읍	20110101
4684025800	전라남도	무안군	삼향읍남악출장소	20110101
4684032000	전라남도	무안군	몽탄면	19880423
4684033000	전라남도	무안군	청계면	19880423
4684034000	전라남도	무안군	현경면	19880423
4684035000	전라남도	무안군	망운면	19880423
4684036000	전라남도	무안군	해제면	19880423
4684037000	전라남도	무안군	운남면	19880423
4686000000	전라남도	함평군		19880423
4686025000	전라남도	함평군	함평읍	19880423
4686031000	전라남도	함평군	손불면	19880423
4686032000	전라남도	함평군	신광면	19880423
4686033000	전라남도	함평군	학교면	19880423
4686034000	전라남도	함평군	엄다면	19880423
4686035000	전라남도	함평군	대동면	19880423
4686036000	전라남도	함평군	나산면	19880423
4686037000	전라남도	함평군	해보면	19880423
4686038000	전라남도	함평군	월야면	19880423
4687000000	전라남도	영광군		19880423
4687025000	전라남도	영광군	영광읍	19880423
4687025300	전라남도	영광군	백수읍	19880423
4687025600	전라남도	영광군	홍농읍	19880423
4687031000	전라남도	영광군	대마면	19880423
4687032000	전라남도	영광군	묘량면	19880423
4687033000	전라남도	영광군	불갑면	19880423
4687034000	전라남도	영광군	군서면	19880423
4687035000	전라남도	영광군	군남면	19880423
4687036000	전라남도	영광군	염산면	19880423
4687037000	전라남도	영광군	법성면	19880423
4687038000	전라남도	영광군	낙월면	19880423
4687038500	전라남도	영광군	낙월면안마출장소	19880423
4688000000	전라남도	장성군		19880423
4688025000	전라남도	장성군	장성읍	19880423
4688031000	전라남도	장성군	진원면	19880423
4688032000	전라남도	장성군	남면	19880423
4688033000	전라남도	장성군	동화면	19880423
4688034000	전라남도	장성군	삼서면	19880423
4688035000	전라남도	장성군	삼계면	19880423
4688036000	전라남도	장성군	황룡면	19880423
4688037000	전라남도	장성군	서삼면	19880423
4688038000	전라남도	장성군	북일면	19880423
4688039000	전라남도	장성군	북이면	19880423
4688040000	전라남도	장성군	북하면	19880423
4689000000	전라남도	완도군		19880423
4689025000	전라남도	완도군	완도읍	19880423
4689025300	전라남도	완도군	금일읍	19880423
4689025600	전라남도	완도군	노화읍	19880423
4689029000	전라남도	완도군	노화읍넙도출장소	20010126
4689031000	전라남도	완도군	군외면	19880423
4689032000	전라남도	완도군	신지면	19880423
4689033000	전라남도	완도군	고금면	19880423
4689034000	전라남도	완도군	약산면	19880423
4689035000	전라남도	완도군	청산면	19880423
4689035500	전라남도	완도군	청산면모도출장소	19880423
4689036000	전라남도	완도군	소안면	19880423
4689037000	전라남도	완도군	금당면	19880423
4689038000	전라남도	완도군	보길면	19880423
4689039000	전라남도	완도군	생일면	19890401
4690000000	전라남도	진도군		19880423
4690025000	전라남도	진도군	진도읍	19880423
4690031000	전라남도	진도군	군내면	19880423
4690032000	전라남도	진도군	고군면	19880423
4690033000	전라남도	진도군	의신면	19880423
4690034000	전라남도	진도군	임회면	19880423
4690035000	전라남도	진도군	지산면	19880423
4690036000	전라남도	진도군	조도면	19880423
4690036500	전라남도	진도군	조도면가사출장소	19880423
4690036600	전라남도	진도군	조도면거차출장소	19880423
4691000000	전라남도	신안군		19880423
4691025000	전라남도	신안군	지도읍	19880423
4691025100	전라남도	신안군	지도읍선도출장소	20010126
4691025300	전라남도	신안군	압해읍	20120101
4691025400	전라남도	신안군	압해읍매화출장소	20120101
4691025500	전라남도	신안군	압해읍고이도출장소	20120101
4691031000	전라남도	신안군	증도면	19880423
4691031500	전라남도	신안군	증도면병풍출장소	19880423
4691032000	전라남도	신안군	임자면	19880423
4691033000	전라남도	신안군	자은면	19880423
4691034000	전라남도	신안군	비금면	19880423
4691035000	전라남도	신안군	도초면	19880423
4691035500	전라남도	신안군	도초면우이도출장	19880423
4691036000	전라남도	신안군	흑산면	19880423
4691036500	전라남도	신안군	흑산면가거도출장	19880423
4691036600	전라남도	신안군	흑산면태도출장소	19880423
4691036700	전라남도	신안군	흑산면홍도출장소	19880423
4691036800	전라남도	신안군	흑산면대둔도출장	19890101
4691037000	전라남도	신안군	하의면	19880423
4691038000	전라남도	신안군	신의면	19880423
4691039000	전라남도	신안군	장산면	19880423
4691040000	전라남도	신안군	안좌면	19880423
4691040500	전라남도	신안군	안좌면자라출장소	19880423
4691041000	전라남도	신안군	팔금면	19880423
4691042000	전라남도	신안군	암태면	19880423
4700000000	경상북도			19880423
4711000000	경상북도	포항시		19880423
4711100000	경상북도	포항시 남구		19950101
4711125000	경상북도	포항시 남구	구룡포읍	19950101
4711125300	경상북도	포항시 남구	연일읍	19950101
4711125600	경상북도	포항시 남구	오천읍	19950101
4711131000	경상북도	포항시 남구	대송면	19950101
4711132000	경상북도	포항시 남구	동해면	19950101
4711133000	경상북도	포항시 남구	장기면	19950101
4711135000	경상북도	포항시 남구	호미곶면	20100101
4711152500	경상북도	포항시 남구	상대동	20090101
4711154500	경상북도	포항시 남구	해도동	20090101
4711155000	경상북도	포항시 남구	송도동	19950101
4711156000	경상북도	포항시 남구	청림동	19950101
4711157000	경상북도	포항시 남구	제철동	19950101
4711158000	경상북도	포항시 남구	효곡동	19950101
4711159000	경상북도	포항시 남구	대이동	19950101
4711300000	경상북도	포항시 북구		19950101
4711325000	경상북도	포항시 북구	흥해읍	19950101
4711331000	경상북도	포항시 북구	신광면	19950101
4711332000	경상북도	포항시 북구	청하면	19950101
4711333000	경상북도	포항시 북구	송라면	19950101
4711334000	경상북도	포항시 북구	기계면	19950101
4711335000	경상북도	포항시 북구	죽장면	19950101
4711335500	경상북도	포항시 북구	죽장면상옥출장소	19950101
4711336000	경상북도	포항시 북구	기북면	19950101
4711352000	경상북도	포항시 북구	중앙동	19980901
4711363000	경상북도	포항시 북구	양학동	19950101
4711365500	경상북도	포항시 북구	죽도동	20090101
4711366500	경상북도	포항시 북구	용흥동	19980901
4711368000	경상북도	포항시 북구	우창동	19980901
4711369000	경상북도	포항시 북구	두호동	19980901
4711370000	경상북도	포항시 북구	장량동	19950101
4711371000	경상북도	포항시 북구	환여동	19950101
4713000000	경상북도	경주시		19880423
4713025000	경상북도	경주시	감포읍	19950101
4713025300	경상북도	경주시	안강읍	19950101
4713025600	경상북도	경주시	건천읍	19950101
4713025900	경상북도	경주시	외동읍	19950101
4713031000	경상북도	경주시	양북면	19950101
4713032000	경상북도	경주시	양남면	19950101
4713033000	경상북도	경주시	내남면	19950101
4713034000	경상북도	경주시	산내면	19950101
4713035000	경상북도	경주시	서면	19950101
4713036000	경상북도	경주시	현곡면	19950101
4713037000	경상북도	경주시	강동면	19950101
4713038000	경상북도	경주시	천북면	19950101
4713051500	경상북도	경주시	중부동	19981114
4713053000	경상북도	경주시	황오동	19880423
4713055000	경상북도	경주시	성건동	19880423
4713057000	경상북도	경주시	황남동	19880423
4713059000	경상북도	경주시	선도동	19880423
4713060500	경상북도	경주시	월성동	19981114
4713061500	경상북도	경주시	용강동	19950301
4713062100	경상북도	경주시	황성동	19950301
4713063000	경상북도	경주시	동천동	19880423
4713065000	경상북도	경주시	불국동	19981114
4713066000	경상북도	경주시	보덕동	19880423
4715000000	경상북도	김천시		19880423
4715025000	경상북도	김천시	아포읍	19950301
4715031000	경상북도	김천시	농소면	19950101
4715032000	경상북도	김천시	남면	19950101
4715034000	경상북도	김천시	개령면	19950101
4715035000	경상북도	김천시	감문면	19950101
4715036000	경상북도	김천시	어모면	19950101
4715037000	경상북도	김천시	봉산면	19950101
4715038000	경상북도	김천시	대항면	19950101
4715039000	경상북도	김천시	감천면	19950101
4715040000	경상북도	김천시	조마면	19950101
4715041000	경상북도	김천시	구성면	19950101
4715042000	경상북도	김천시	지례면	19950101
4715043000	경상북도	김천시	부항면	19950101
4715044000	경상북도	김천시	대덕면	19950101
4715045000	경상북도	김천시	증산면	19950101
4715051600	경상북도	김천시	자산동	20080930
4715053600	경상북도	김천시	평화남산동	20080930
4715056500	경상북도	김천시	양금동	19980101
4715057500	경상북도	김천시	대신동	19980901
4715059500	경상북도	김천시	대곡동	19980101
4715061000	경상북도	김천시	지좌동	19880423
4715064000	경상북도	김천시	율곡동	20140102
4717000000	경상북도	안동시		19880423
4717025000	경상북도	안동시	풍산읍	19950101
4717031000	경상북도	안동시	와룡면	19950101
4717032000	경상북도	안동시	북후면	19950101
4717033000	경상북도	안동시	서후면	19950101
4717034000	경상북도	안동시	풍천면	19950101
4717035000	경상북도	안동시	일직면	19950101
4717036000	경상북도	안동시	남후면	19950101
4717037000	경상북도	안동시	남선면	19950101
4717038000	경상북도	안동시	임하면	19950101
4717039000	경상북도	안동시	길안면	19950101
4717040000	경상북도	안동시	임동면	19950101
4717041000	경상북도	안동시	예안면	19950101
4717042000	경상북도	안동시	도산면	19950101
4717043000	경상북도	안동시	녹전면	19950101
4717051000	경상북도	안동시	중구동	19880423
4717052000	경상북도	안동시	명륜동	19880423
4717055500	경상북도	안동시	용상동	19981201
4717058500	경상북도	안동시	서구동	19970701
4717060000	경상북도	안동시	태화동	19880423
4717062000	경상북도	안동시	평화동	19940701
4717063000	경상북도	안동시	안기동	19880423
4717065000	경상북도	안동시	옥동	19880423
4717066000	경상북도	안동시	송하동	19880423
4717069000	경상북도	안동시	강남동	20050901
4719000000	경상북도	구미시		19880423
4719025000	경상북도	구미시	선산읍	19950101
4719025300	경상북도	구미시	고아읍	19971101
4719031000	경상북도	구미시	무을면	19950101
4719032000	경상북도	구미시	옥성면	19950101
4719033000	경상북도	구미시	도개면	19950101
4719034000	경상북도	구미시	해평면	19950101
4719035000	경상북도	구미시	산동면	19950101
4719036000	경상북도	구미시	장천면	19950101
4719051000	경상북도	구미시	송정동	19880423
4719052000	경상북도	구미시	원평1동	19880423
4719053000	경상북도	구미시	원평2동	19880423
4719055100	경상북도	구미시	도량동	19950301
4719055500	경상북도	구미시	지산동	19950301
4719056500	경상북도	구미시	선주원남동	19990302
4719058200	경상북도	구미시	형곡1동	19950301
4719058300	경상북도	구미시	형곡2동	19950301
4719059000	경상북도	구미시	신평1동	19880423
4719060000	경상북도	구미시	신평2동	19880423
4719061000	경상북도	구미시	비산동	19880423
4719062100	경상북도	구미시	공단1동	19900101
4719062200	경상북도	구미시	공단2동	19900101
4719063000	경상북도	구미시	광평동	19900106
4719064500	경상북도	구미시	상모사곡동	19990302
4719066000	경상북도	구미시	임오동	19880423
4719067000	경상북도	구미시	인동동	19880423
4719068000	경상북도	구미시	진미동	19880423
4719069000	경상북도	구미시	양포동	19880423
4721000000	경상북도	영주시		19880423
4721025000	경상북도	영주시	풍기읍	19950101
4721031000	경상북도	영주시	이산면	19950101
4721032000	경상북도	영주시	평은면	19950101
4721033000	경상북도	영주시	문수면	19950101
4721034000	경상북도	영주시	장수면	19950101
4721035000	경상북도	영주시	안정면	19950101
4721036000	경상북도	영주시	봉현면	19950101
4721037000	경상북도	영주시	순흥면	19950101
4721038000	경상북도	영주시	단산면	19950101
4721039000	경상북도	영주시	부석면	19950101
4721051000	경상북도	영주시	상망동	19981015
4721052500	경상북도	영주시	하망동	19981015
4721055000	경상북도	영주시	영주1동	19880423
4721056000	경상북도	영주시	영주2동	19880423
4721059000	경상북도	영주시	휴천1동	19880423
4721060000	경상북도	영주시	휴천2동	19880423
4721061000	경상북도	영주시	휴천3동	19880423
4721062000	경상북도	영주시	가흥1동	19880423
4721063000	경상북도	영주시	가흥2동	19880423
4723000000	경상북도	영천시		19880423
4723025000	경상북도	영천시	금호읍	19950101
4723031000	경상북도	영천시	청통면	19950101
4723032000	경상북도	영천시	신녕면	19950101
4723033000	경상북도	영천시	화산면	19950101
4723034000	경상북도	영천시	화북면	19950101
4723035000	경상북도	영천시	화남면	19950101
4723036000	경상북도	영천시	자양면	19950101
4723037000	경상북도	영천시	임고면	19950101
4723038000	경상북도	영천시	고경면	19950101
4723039000	경상북도	영천시	북안면	19950101
4723040000	경상북도	영천시	대창면	19950101
4723051000	경상북도	영천시	동부동	19880423
4723052000	경상북도	영천시	중앙동	19981020
4723053500	경상북도	영천시	서부동	19981020
4723054000	경상북도	영천시	완산동	19880423
4723055500	경상북도	영천시	남부동	19981020
4725000000	경상북도	상주시		19880423
4725025000	경상북도	상주시	함창읍	19950101
4725031000	경상북도	상주시	중동면	19950101
4725032000	경상북도	상주시	사벌면	19950101
4725033000	경상북도	상주시	낙동면	19950101
4725033500	경상북도	상주시	낙동면동부출장소	19950101
4725034000	경상북도	상주시	청리면	19950101
4725035000	경상북도	상주시	공성면	19950101
4725036000	경상북도	상주시	외남면	19950101
4725037000	경상북도	상주시	내서면	19950101
4725038000	경상북도	상주시	모동면	19950101
4725039000	경상북도	상주시	모서면	19950101
4725039500	경상북도	상주시	모서면서부출장소	19950101
4725040000	경상북도	상주시	화동면	19950101
4725041000	경상북도	상주시	화서면	19950101
4725042000	경상북도	상주시	화북면	19950101
4725042600	경상북도	상주시	화북면서부출장소	19950101
4725043000	경상북도	상주시	외서면	19950101
4725044000	경상북도	상주시	은척면	19950101
4725044500	경상북도	상주시	은척면북부출장소	19950101
4725045000	경상북도	상주시	공검면	19950101
4725046000	경상북도	상주시	이안면	19950101
4725047000	경상북도	상주시	화남면	19950101
4725052000	경상북도	상주시	남원동	19880423
4725053000	경상북도	상주시	북문동	19880423
4725054000	경상북도	상주시	계림동	19880423
4725055000	경상북도	상주시	동문동	19981012
4725056000	경상북도	상주시	동성동	19880423
4725057000	경상북도	상주시	신흥동	19880423
4728000000	경상북도	문경시		19950101
4728025000	경상북도	문경시	문경읍	19950101
4728025100	경상북도	문경시	문경읍갈평출장소	20010126
4728025300	경상북도	문경시	가은읍	19950101
4728025400	경상북도	문경시	가은읍북부출장소	20010126
4728031000	경상북도	문경시	영순면	19950101
4728032000	경상북도	문경시	산양면	19950101
4728033000	경상북도	문경시	호계면	19950101
4728034000	경상북도	문경시	산북면	19950101
4728035000	경상북도	문경시	동로면	19950101
4728036000	경상북도	문경시	마성면	19950101
4728037000	경상북도	문경시	농암면	19950101
4728057000	경상북도	문경시	점촌1동	20040101
4728058000	경상북도	문경시	점촌2동	20040101
4728059000	경상북도	문경시	점촌3동	20040101
4728060000	경상북도	문경시	점촌4동	20040101
4728061000	경상북도	문경시	점촌5동	20040101
4729000000	경상북도	경산시		19890101
4729025000	경상북도	경산시	하양읍	19950101
4729025300	경상북도	경산시	진량읍	19971101
4729031000	경상북도	경산시	와촌면	19950101
4729033000	경상북도	경산시	자인면	19950101
4729034000	경상북도	경산시	용성면	19950101
4729035000	경상북도	경산시	남산면	19950101
4729036000	경상북도	경산시	압량면	19950101
4729037000	경상북도	경산시	남천면	19950101
4729051000	경상북도	경산시	중방동	19890101
4729052000	경상북도	경산시	중앙동	19890101
4729053000	경상북도	경산시	남부동	19890101
4729054100	경상북도	경산시	서부1동	20041018
4729054200	경상북도	경산시	서부2동	20041018
4729055000	경상북도	경산시	북부동	19890101
4729056000	경상북도	경산시	동부동	19890101
4772000000	경상북도	군위군		19880423
4772025000	경상북도	군위군	군위읍	19880423
4772031000	경상북도	군위군	소보면	19880423
4772032000	경상북도	군위군	효령면	19880423
4772033000	경상북도	군위군	부계면	19880423
4772034000	경상북도	군위군	우보면	19880423
4772035000	경상북도	군위군	의흥면	19880423
4772036000	경상북도	군위군	산성면	19880423
4772037000	경상북도	군위군	고로면	19880423
4773000000	경상북도	의성군		19880423
4773025000	경상북도	의성군	의성읍	19880423
4773031000	경상북도	의성군	단촌면	19880423
4773032000	경상북도	의성군	점곡면	19880423
4773033000	경상북도	의성군	옥산면	19880423
4773034000	경상북도	의성군	사곡면	19880423
4773035000	경상북도	의성군	춘산면	19880423
4773036000	경상북도	의성군	가음면	19880423
4773037000	경상북도	의성군	금성면	19880423
4773038000	경상북도	의성군	봉양면	19880423
4773039000	경상북도	의성군	비안면	19880423
4773040000	경상북도	의성군	구천면	19880423
4773041000	경상북도	의성군	단밀면	19880423
4773042000	경상북도	의성군	단북면	19880423
4773043000	경상북도	의성군	안계면	19880423
4773044000	경상북도	의성군	다인면	19880423
4773045000	경상북도	의성군	신평면	19880423
4773046000	경상북도	의성군	안평면	19880423
4773047000	경상북도	의성군	안사면	19910806
4775000000	경상북도	청송군		19880423
4775025000	경상북도	청송군	청송읍	19880423
4775031500	경상북도	청송군	주왕산면	20190301
4775032000	경상북도	청송군	부남면	19880423
4775033000	경상북도	청송군	현동면	19880423
4775034000	경상북도	청송군	현서면	19880423
4775035000	경상북도	청송군	안덕면	19880423
4775036000	경상북도	청송군	파천면	19880423
4775037000	경상북도	청송군	진보면	19880423
4776000000	경상북도	영양군		19880423
4776025000	경상북도	영양군	영양읍	19880423
4776031000	경상북도	영양군	입암면	19880423
4776032000	경상북도	영양군	청기면	19880423
4776033000	경상북도	영양군	일월면	19880423
4776034000	경상북도	영양군	수비면	19880423
4776035000	경상북도	영양군	석보면	19880423
4777000000	경상북도	영덕군		19880423
4777025000	경상북도	영덕군	영덕읍	19880423
4777031000	경상북도	영덕군	강구면	19880423
4777032000	경상북도	영덕군	남정면	19880423
4777033000	경상북도	영덕군	달산면	19880423
4777034000	경상북도	영덕군	지품면	19880423
4777034500	경상북도	영덕군	지품면원전출장소	19880423
4777035000	경상북도	영덕군	축산면	19880423
4777035500	경상북도	영덕군	축산면축산출장소	19880423
4777036000	경상북도	영덕군	영해면	19880423
4777037000	경상북도	영덕군	병곡면	19880423
4777038000	경상북도	영덕군	창수면	19880423
4782000000	경상북도	청도군		19880423
4782025000	경상북도	청도군	화양읍	19880423
4782025100	경상북도	청도군	화양읍남성현출장	20010126
4782025300	경상북도	청도군	청도읍	19880423
4782025400	경상북도	청도군	청도읍유호출장소	20010126
4782031000	경상북도	청도군	각남면	19880423
4782032000	경상북도	청도군	풍각면	19880423
4782033000	경상북도	청도군	각북면	19880423
4782034000	경상북도	청도군	이서면	19880423
4782035000	경상북도	청도군	운문면	19880423
4782036000	경상북도	청도군	금천면	19880423
4782037000	경상북도	청도군	매전면	19880423
4783000000	경상북도	고령군		19880423
4783025300	경상북도	고령군	대가야읍	20150402
4783031000	경상북도	고령군	덕곡면	19880423
4783032000	경상북도	고령군	운수면	19880423
4783033000	경상북도	고령군	성산면	19880423
4783034000	경상북도	고령군	다산면	19880423
4783035000	경상북도	고령군	개진면	19880423
4783036000	경상북도	고령군	우곡면	19880423
4783037000	경상북도	고령군	쌍림면	19880423
4784000000	경상북도	성주군		19880423
4784025000	경상북도	성주군	성주읍	19880423
4784031000	경상북도	성주군	선남면	19880423
4784032000	경상북도	성주군	용암면	19880423
4784033000	경상북도	성주군	수륜면	19880423
4784034000	경상북도	성주군	가천면	19880423
4784035000	경상북도	성주군	금수면	19880423
4784036000	경상북도	성주군	대가면	19880423
4784037000	경상북도	성주군	벽진면	19880423
4784038000	경상북도	성주군	초전면	19880423
4784039000	경상북도	성주군	월항면	19880423
4785000000	경상북도	칠곡군		19880423
4785025000	경상북도	칠곡군	왜관읍	19880423
4785025300	경상북도	칠곡군	북삼읍	20030701
4785025600	경상북도	칠곡군	석적읍	20061001
4785031000	경상북도	칠곡군	지천면	19880423
4785032000	경상북도	칠곡군	동명면	19880423
4785033000	경상북도	칠곡군	가산면	19880423
4785036000	경상북도	칠곡군	약목면	19880423
4785037000	경상북도	칠곡군	기산면	19880423
4790000000	경상북도	예천군		19880423
4790025000	경상북도	예천군	예천읍	19880423
4790031000	경상북도	예천군	용문면	19880423
4790034000	경상북도	예천군	감천면	19880423
4790035000	경상북도	예천군	보문면	19880423
4790036000	경상북도	예천군	호명면	19880423
4790037000	경상북도	예천군	유천면	19880423
4790038000	경상북도	예천군	용궁면	19880423
4790039000	경상북도	예천군	개포면	19880423
4790040000	경상북도	예천군	지보면	19880423
4790041000	경상북도	예천군	풍양면	19880423
4790042000	경상북도	예천군	효자면	20160201
4790043000	경상북도	예천군	은풍면	20160201
4792000000	경상북도	봉화군		19880423
4792025000	경상북도	봉화군	봉화읍	19880423
4792031000	경상북도	봉화군	물야면	19880423
4792032000	경상북도	봉화군	봉성면	19880423
4792033000	경상북도	봉화군	법전면	19880423
4792034000	경상북도	봉화군	춘양면	19880423
4792035000	경상북도	봉화군	소천면	19880423
4792036000	경상북도	봉화군	재산면	19880423
4792037000	경상북도	봉화군	명호면	19880423
4792038000	경상북도	봉화군	상운면	19880423
4792039000	경상북도	봉화군	석포면	19880423
4793000000	경상북도	울진군		19880423
4793025000	경상북도	울진군	울진읍	19880423
4793025300	경상북도	울진군	평해읍	19880423
4793031000	경상북도	울진군	북면	19880423
4793031500	경상북도	울진군	북면하당출장소	19880423
4793033000	경상북도	울진군	근남면	19880423
4793035000	경상북도	울진군	기성면	19880423
4793036000	경상북도	울진군	온정면	19880423
4793037000	경상북도	울진군	죽변면	19880423
4793038000	경상북도	울진군	후포면	19880423
4793039000	경상북도	울진군	금강송면	20150421
4793040000	경상북도	울진군	매화면	20150421
4794000000	경상북도	울릉군		19880423
4794025000	경상북도	울릉군	울릉읍	19880423
4794031000	경상북도	울릉군	서면	19880423
4794031500	경상북도	울릉군	서면태하출장소	19880930
4794032000	경상북도	울릉군	북면	19880423
4800000000	경상남도			19880423
4812000000	경상남도	창원시		20100701
4812100000	경상남도	창원시 의창구		20100701
4812125000	경상남도	창원시 의창구	동읍	20100701
4812131000	경상남도	창원시 의창구	북면	20100701
4812132000	경상남도	창원시 의창구	대산면	20100701
4812151000	경상남도	창원시 의창구	의창동	20100701
4812152000	경상남도	창원시 의창구	팔룡동	20100701
4812153000	경상남도	창원시 의창구	명곡동	20100701
4812154000	경상남도	창원시 의창구	봉림동	20100701
4812155000	경상남도	창원시 의창구	용지동	20100701
4812300000	경상남도	창원시 성산구		20100701
4812351000	경상남도	창원시 성산구	반송동	20100701
4812352000	경상남도	창원시 성산구	중앙동	20100701
4812353000	경상남도	창원시 성산구	상남동	20100701
4812354000	경상남도	창원시 성산구	사파동	20100701
4812355000	경상남도	창원시 성산구	가음정동	20100701
4812356000	경상남도	창원시 성산구	성주동	20100701
4812357000	경상남도	창원시 성산구	웅남동	20100701
4812500000	경상남도	창원시 마산합포구		20100701
4812531000	경상남도	창원시 마산합포구	구산면	20100701
4812532000	경상남도	창원시 마산합포구	진동면	20100701
4812533000	경상남도	창원시 마산합포구	진북면	20100701
4812534000	경상남도	창원시 마산합포구	진전면	20100701
4812551000	경상남도	창원시 마산합포구	현동	20100701
4812552000	경상남도	창원시 마산합포구	가포동	20100701
4812553000	경상남도	창원시 마산합포구	월영동	20100701
4812554000	경상남도	창원시 마산합포구	문화동	20100701
4812556500	경상남도	창원시 마산합포구	반월중앙동	20170101
4812557000	경상남도	창원시 마산합포구	완월동	20100701
4812558000	경상남도	창원시 마산합포구	자산동	20100701
4812561000	경상남도	창원시 마산합포구	교방동	20100701
4812562000	경상남도	창원시 마산합포구	노산동	20100701
4812563000	경상남도	창원시 마산합포구	오동동	20100701
4812564000	경상남도	창원시 마산합포구	합포동	20100701
4812565000	경상남도	창원시 마산합포구	산호동	20100701
4812700000	경상남도	창원시 마산회원구		20100701
4812725000	경상남도	창원시 마산회원구	내서읍	20100701
4812751000	경상남도	창원시 마산회원구	회원1동	20100701
4812752000	경상남도	창원시 마산회원구	회원2동	20100701
4812754500	경상남도	창원시 마산회원구	석전동	20170101
4812755000	경상남도	창원시 마산회원구	회성동	20100701
4812756000	경상남도	창원시 마산회원구	양덕1동	20100701
4812757000	경상남도	창원시 마산회원구	양덕2동	20100701
4812758000	경상남도	창원시 마산회원구	합성1동	20100701
4812759000	경상남도	창원시 마산회원구	합성2동	20100701
4812760000	경상남도	창원시 마산회원구	구암1동	20100701
4812761000	경상남도	창원시 마산회원구	구암2동	20100701
4812762000	경상남도	창원시 마산회원구	봉암동	20100701
4812900000	경상남도	창원시 진해구		20100701
4812951000	경상남도	창원시 진해구	중앙동	20100701
4812952000	경상남도	창원시 진해구	태평동	20100701
4812953000	경상남도	창원시 진해구	충무동	20100701
4812954000	경상남도	창원시 진해구	여좌동	20100701
4812955000	경상남도	창원시 진해구	태백동	20100701
4812956000	경상남도	창원시 진해구	경화동	20100701
4812957000	경상남도	창원시 진해구	병암동	20100701
4812958000	경상남도	창원시 진해구	석동	20100701
4812959000	경상남도	창원시 진해구	이동	20100701
4812960000	경상남도	창원시 진해구	자은동	20100701
4812961000	경상남도	창원시 진해구	덕산동	20100701
4812962000	경상남도	창원시 진해구	풍호동	20100701
4812963000	경상남도	창원시 진해구	웅천동	20100701
4812964000	경상남도	창원시 진해구	웅동1동	20100701
4812965000	경상남도	창원시 진해구	웅동2동	20100701
4817000000	경상남도	진주시		19880423
4817025000	경상남도	진주시	문산읍	19950302
4817031000	경상남도	진주시	내동면	19950101
4817032000	경상남도	진주시	정촌면	19950101
4817033000	경상남도	진주시	금곡면	19950101
4817035000	경상남도	진주시	진성면	19950101
4817036000	경상남도	진주시	일반성면	19950101
4817037000	경상남도	진주시	이반성면	19950101
4817038000	경상남도	진주시	사봉면	19950101
4817039000	경상남도	진주시	지수면	19950101
4817040000	경상남도	진주시	대곡면	19950101
4817041000	경상남도	진주시	금산면	19950101
4817042000	경상남도	진주시	집현면	19950101
4817043000	경상남도	진주시	미천면	19950101
4817044000	경상남도	진주시	명석면	19950101
4817045000	경상남도	진주시	대평면	19950101
4817046000	경상남도	진주시	수곡면	19950101
4817051500	경상남도	진주시	천전동	20130501
4817055500	경상남도	진주시	성북동	20130501
4817056500	경상남도	진주시	중앙동	19970701
4817059500	경상남도	진주시	상봉동	20130501
4817067300	경상남도	진주시	상대동	20170101
4817067800	경상남도	진주시	하대동	20170201
4817068000	경상남도	진주시	상평동	19900501
4817069500	경상남도	진주시	초장동	19970701
4817071000	경상남도	진주시	평거동	19880423
4817071500	경상남도	진주시	신안동	19950302
4817072000	경상남도	진주시	이현동	19880423
4817073000	경상남도	진주시	판문동	19970701
4817074000	경상남도	진주시	가호동	19880423
4817075000	경상남도	진주시	충무공동	20131218
4822000000	경상남도	통영시		19950101
4822025000	경상남도	통영시	산양읍	19950302
4822031000	경상남도	통영시	용남면	19950101
4822033000	경상남도	통영시	도산면	19950101
4822034000	경상남도	통영시	광도면	19950101
4822035000	경상남도	통영시	욕지면	19950101
4822036000	경상남도	통영시	한산면	19950101
4822037000	경상남도	통영시	사량면	19950101
4822051000	경상남도	통영시	도천동	19950101
4822053000	경상남도	통영시	명정동	19980101
4822055000	경상남도	통영시	중앙동	19980101
4822059000	경상남도	통영시	정량동	19980101
4822060000	경상남도	통영시	북신동	19950101
4822066500	경상남도	통영시	미수동	20101231
4822067000	경상남도	통영시	봉평동	19950101
4822070000	경상남도	통영시	무전동	19950101
4824000000	경상남도	사천시		19950510
4824025000	경상남도	사천시	사천읍	19950510
4824031000	경상남도	사천시	정동면	19950510
4824032000	경상남도	사천시	사남면	19950510
4824033000	경상남도	사천시	용현면	19950510
4824034000	경상남도	사천시	축동면	19950510
4824035000	경상남도	사천시	곤양면	19950510
4824036000	경상남도	사천시	곤명면	19950510
4824037000	경상남도	사천시	서포면	19950510
4824051000	경상남도	사천시	동서동	19980912
4824052000	경상남도	사천시	선구동	19980912
4824053000	경상남도	사천시	동서금동	19950510
4824055000	경상남도	사천시	벌룡동	19950510
4824057000	경상남도	사천시	향촌동	19980912
4824059500	경상남도	사천시	남양동	19980912
4824089000	경상남도	사천시	신수출장소	19950510
4824500000	경상남도	사천남양출장		19950510
4825000000	경상남도	김해시		19880423
4825025000	경상남도	김해시	진영읍	19950510
4825032000	경상남도	김해시	주촌면	19950510
4825033000	경상남도	김해시	진례면	19950510
4825034000	경상남도	김해시	한림면	19950510
4825035000	경상남도	김해시	생림면	19950510
4825036000	경상남도	김해시	상동면	19950510
4825037000	경상남도	김해시	대동면	19950510
4825051000	경상남도	김해시	동상동	19880423
4825052000	경상남도	김해시	회현동	19880423
4825053000	경상남도	김해시	부원동	19880423
4825054000	경상남도	김해시	내외동	19880423
4825055000	경상남도	김해시	북부동	19880423
4825056500	경상남도	김해시	칠산서부동	19980912
4825058000	경상남도	김해시	활천동	19880423
4825059000	경상남도	김해시	삼안동	19880423
4825060000	경상남도	김해시	불암동	19880423
4825061000	경상남도	김해시	장유1동	20130701
4825062000	경상남도	김해시	장유2동	20130701
4825063000	경상남도	김해시	장유3동	20130701
4825200000	경상남도	장유출장소		20050325
4827000000	경상남도	밀양시		19890101
4827025000	경상남도	밀양시	삼랑진읍	19950101
4827025100	경상남도	밀양시	삼랑진임천출장소	20010126
4827025300	경상남도	밀양시	하남읍	19950101
4827031000	경상남도	밀양시	부북면	19950101
4827032000	경상남도	밀양시	상동면	19950101
4827033000	경상남도	밀양시	산외면	19950101
4827034000	경상남도	밀양시	산내면	19950101
4827035000	경상남도	밀양시	단장면	19950101
4827036000	경상남도	밀양시	상남면	19950101
4827037000	경상남도	밀양시	초동면	19950101
4827038000	경상남도	밀양시	무안면	19950101
4827039000	경상남도	밀양시	청도면	19950101
4827051000	경상남도	밀양시	내일동	19980921
4827052000	경상남도	밀양시	내이동	19890101
4827053000	경상남도	밀양시	삼문동	19890101
4827054000	경상남도	밀양시	가곡동	19890101
4827055000	경상남도	밀양시	교동	19890101
4831000000	경상남도	거제시		19950101
4831031000	경상남도	거제시	일운면	19950101
4831032000	경상남도	거제시	동부면	19950101
4831033000	경상남도	거제시	남부면	19950101
4831034000	경상남도	거제시	거제면	19950101
4831035000	경상남도	거제시	둔덕면	19950101
4831036000	경상남도	거제시	사등면	19950101
4831036600	경상남도	거제시	사등면가조출장소	19950101
4831037000	경상남도	거제시	연초면	19950101
4831038000	경상남도	거제시	하청면	19950101
4831038500	경상남도	거제시	하청면칠천출장소	19950101
4831039000	경상남도	거제시	장목면	19950101
4831039500	경상남도	거제시	장목면외포출장소	19950101
4831051000	경상남도	거제시	장승포동	19950101
4831053000	경상남도	거제시	능포동	19950101
4831054000	경상남도	거제시	아주동	19950101
4831055000	경상남도	거제시	옥포1동	19950101
4831056000	경상남도	거제시	옥포2동	19950101
4831057000	경상남도	거제시	장평동	20080701
4831058000	경상남도	거제시	고현동	20080701
4831059000	경상남도	거제시	상문동	20080701
4831060000	경상남도	거제시	수양동	20080701
4833000000	경상남도	양산시		19960301
4833025300	경상남도	양산시	물금읍	19960301
4833031000	경상남도	양산시	동면	19960301
4833032000	경상남도	양산시	원동면	19960301
4833033000	경상남도	양산시	상북면	19960301
4833034000	경상남도	양산시	하북면	19960301
4833051000	경상남도	양산시	중앙동	19960301
4833051500	경상남도	양산시	양주동	20100201
4833052000	경상남도	양산시	삼성동	19960301
4833053000	경상남도	양산시	강서동	19960301
4833054000	경상남도	양산시	서창동	20070401
4833055000	경상남도	양산시	소주동	20070401
4833056000	경상남도	양산시	평산동	20070401
4833057000	경상남도	양산시	덕계동	20070401
4833200000	경상남도	양산시웅상출장소		20070401
4872000000	경상남도	의령군		19880423
4872025000	경상남도	의령군	의령읍	19880423
4872031000	경상남도	의령군	가례면	19880423
4872032000	경상남도	의령군	칠곡면	19880423
4872033000	경상남도	의령군	대의면	19880423
4872034000	경상남도	의령군	화정면	19880423
4872035000	경상남도	의령군	용덕면	19880423
4872036000	경상남도	의령군	정곡면	19880423
4872037000	경상남도	의령군	지정면	19880423
4872038000	경상남도	의령군	낙서면	19880423
4872039000	경상남도	의령군	부림면	19880423
4872040000	경상남도	의령군	봉수면	19880423
4872041500	경상남도	의령군	궁류면	20030716
4872042000	경상남도	의령군	유곡면	19880423
4873000000	경상남도	함안군		19880423
4873025000	경상남도	함안군	가야읍	19880423
4873025300	경상남도	함안군	칠원읍	20150101
4873031000	경상남도	함안군	함안면	19880423
4873032000	경상남도	함안군	군북면	19880423
4873033000	경상남도	함안군	법수면	19880423
4873034000	경상남도	함안군	대산면	19880423
4873035000	경상남도	함안군	칠서면	19880423
4873036000	경상남도	함안군	칠북면	19880423
4873038000	경상남도	함안군	산인면	19880423
4873039000	경상남도	함안군	여항면	19880423
4874000000	경상남도	창녕군		19880423
4874025000	경상남도	창녕군	창녕읍	19880423
4874025300	경상남도	창녕군	남지읍	19880423
4874031000	경상남도	창녕군	고암면	19880423
4874032000	경상남도	창녕군	성산면	19880423
4874033000	경상남도	창녕군	대합면	19880423
4874034000	경상남도	창녕군	이방면	19880423
4874035000	경상남도	창녕군	유어면	19880423
4874036000	경상남도	창녕군	대지면	19880423
4874037000	경상남도	창녕군	계성면	19880423
4874038000	경상남도	창녕군	영산면	19880423
4874039000	경상남도	창녕군	장마면	19880423
4874040000	경상남도	창녕군	도천면	19880423
4874041000	경상남도	창녕군	길곡면	19880423
4874042000	경상남도	창녕군	부곡면	19880423
4882000000	경상남도	고성군		19880423
4882025000	경상남도	고성군	고성읍	19880423
4882031000	경상남도	고성군	삼산면	19880423
4882032000	경상남도	고성군	하일면	19880423
4882033000	경상남도	고성군	하이면	19880423
4882034000	경상남도	고성군	상리면	19880423
4882035000	경상남도	고성군	대가면	19880423
4882036000	경상남도	고성군	영현면	19880423
4882037000	경상남도	고성군	영오면	19880423
4882038000	경상남도	고성군	개천면	19880423
4882039000	경상남도	고성군	구만면	19880423
4882040000	경상남도	고성군	회화면	19880423
4882041000	경상남도	고성군	마암면	19880423
4882042000	경상남도	고성군	동해면	19880423
4882043000	경상남도	고성군	거류면	19880423
4884000000	경상남도	남해군		19880423
4884025000	경상남도	남해군	남해읍	19880423
4884031000	경상남도	남해군	이동면	19880423
4884032000	경상남도	남해군	상주면	19880423
4884033000	경상남도	남해군	삼동면	19880423
4884034000	경상남도	남해군	미조면	19880423
4884035000	경상남도	남해군	남면	19880423
4884036000	경상남도	남해군	서면	19880423
4884037000	경상남도	남해군	고현면	19880423
4884038000	경상남도	남해군	설천면	19880423
4884039000	경상남도	남해군	창선면	19880423
4885000000	경상남도	하동군		19880423
4885025000	경상남도	하동군	하동읍	19880423
4885031000	경상남도	하동군	화개면	19880423
4885032000	경상남도	하동군	악양면	19880423
4885033000	경상남도	하동군	적량면	19880423
4885034000	경상남도	하동군	횡천면	19880423
4885035000	경상남도	하동군	고전면	19880423
4885036000	경상남도	하동군	금남면	19880423
4885037000	경상남도	하동군	진교면	19880423
4885038000	경상남도	하동군	양보면	19880423
4885039000	경상남도	하동군	북천면	19880423
4885040000	경상남도	하동군	청암면	19880423
4885041000	경상남도	하동군	옥종면	19880423
4885042000	경상남도	하동군	금성면	19890401
4886000000	경상남도	산청군		19880423
4886025000	경상남도	산청군	산청읍	19880423
4886031000	경상남도	산청군	차황면	19880423
4886032000	경상남도	산청군	오부면	19880423
4886033000	경상남도	산청군	생초면	19880423
4886034000	경상남도	산청군	금서면	19880423
4886035000	경상남도	산청군	삼장면	19880423
4886036000	경상남도	산청군	시천면	19880423
4886037000	경상남도	산청군	단성면	19880423
4886038000	경상남도	산청군	신안면	19880423
4886039000	경상남도	산청군	생비량면	19880423
4886040000	경상남도	산청군	신등면	19880423
4887000000	경상남도	함양군		19880423
4887025000	경상남도	함양군	함양읍	19880423
4887031000	경상남도	함양군	마천면	19880423
4887032000	경상남도	함양군	휴천면	19880423
4887033000	경상남도	함양군	유림면	19880423
4887034000	경상남도	함양군	수동면	19880423
4887035000	경상남도	함양군	지곡면	19880423
4887036000	경상남도	함양군	안의면	19880423
4887037000	경상남도	함양군	서하면	19880423
4887038000	경상남도	함양군	서상면	19880423
4887039000	경상남도	함양군	백전면	19880423
4887040000	경상남도	함양군	병곡면	19880423
4888000000	경상남도	거창군		19880423
4888025000	경상남도	거창군	거창읍	19880423
4888031000	경상남도	거창군	주상면	19880423
4888032000	경상남도	거창군	웅양면	19880423
4888033000	경상남도	거창군	고제면	19880423
4888034000	경상남도	거창군	북상면	19880423
4888035000	경상남도	거창군	위천면	19880423
4888036000	경상남도	거창군	마리면	19880423
4888037000	경상남도	거창군	남상면	19880423
4888038000	경상남도	거창군	남하면	19880423
4888039000	경상남도	거창군	신원면	19880423
4888040000	경상남도	거창군	가조면	19880423
4888041000	경상남도	거창군	가북면	19880423
4889000000	경상남도	합천군		19880423
4889025000	경상남도	합천군	합천읍	19880423
4889031000	경상남도	합천군	봉산면	19880423
4889032000	경상남도	합천군	묘산면	19880423
4889033000	경상남도	합천군	가야면	19880423
4889034000	경상남도	합천군	야로면	19880423
4889035000	경상남도	합천군	율곡면	19880423
4889036000	경상남도	합천군	초계면	19880423
4889037000	경상남도	합천군	쌍책면	19880423
4889038000	경상남도	합천군	덕곡면	19880423
4889039000	경상남도	합천군	청덕면	19880423
4889040000	경상남도	합천군	적중면	19880423
4889041000	경상남도	합천군	대양면	19880423
4889042000	경상남도	합천군	쌍백면	19880423
4889043000	경상남도	합천군	삼가면	19880423
4889044000	경상남도	합천군	가회면	19880423
4889045000	경상남도	합천군	대병면	19880423
4889046000	경상남도	합천군	용주면	19880423
5000000000	제주특별자치도			20060701
5011000000	제주특별자치도	제주시		20060701
5011025000	제주특별자치도	제주시	한림읍	20060701
5011025300	제주특별자치도	제주시	애월읍	20060701
5011025600	제주특별자치도	제주시	구좌읍	20060701
5011025900	제주특별자치도	제주시	조천읍	20060701
5011031000	제주특별자치도	제주시	한경면	20060701
5011032000	제주특별자치도	제주시	추자면	20060701
5011033000	제주특별자치도	제주시	우도면	20060701
5011051000	제주특별자치도	제주시	일도1동	20060701
5011052000	제주특별자치도	제주시	일도2동	20060701
5011053000	제주특별자치도	제주시	이도1동	20060701
5011054000	제주특별자치도	제주시	이도2동	20060701
5011055000	제주특별자치도	제주시	삼도1동	20060701
5011056000	제주특별자치도	제주시	삼도2동	20060701
5011057000	제주특별자치도	제주시	용담1동	20060701
5011058000	제주특별자치도	제주시	용담2동	20060701
5011059000	제주특별자치도	제주시	건입동	20060701
5011060000	제주특별자치도	제주시	화북동	20060701
5011061000	제주특별자치도	제주시	삼양동	20060701
5011062000	제주특별자치도	제주시	봉개동	20060701
5011063000	제주특별자치도	제주시	아라동	20060701
5011064000	제주특별자치도	제주시	오라동	20060701
5011065000	제주특별자치도	제주시	연동	20060701
5011066000	제주특별자치도	제주시	노형동	20060701
5011067000	제주특별자치도	제주시	외도동	20060701
5011068000	제주특별자치도	제주시	이호동	20060701
5011069000	제주특별자치도	제주시	도두동	20060701
5013000000	제주특별자치도	서귀포시		20060701
5013025000	제주특별자치도	서귀포시	대정읍	20060701
5013025300	제주특별자치도	서귀포시	남원읍	20060701
5013025900	제주특별자치도	서귀포시	성산읍	20060701
5013031000	제주특별자치도	서귀포시	안덕면	20060701
5013032000	제주특별자치도	서귀포시	표선면	20060701
5013051000	제주특별자치도	서귀포시	송산동	20060701
5013052000	제주특별자치도	서귀포시	정방동	20060701
5013053000	제주특별자치도	서귀포시	중앙동	20060701
5013054000	제주특별자치도	서귀포시	천지동	20060701
5013055000	제주특별자치도	서귀포시	효돈동	20060701
5013056000	제주특별자치도	서귀포시	영천동	20060701
5013057000	제주특별자치도	서귀포시	동홍동	20060701
5013058000	제주특별자치도	서귀포시	서홍동	20060701
5013059000	제주특별자치도	서귀포시	대륜동	20060701
5013060000	제주특별자치도	서귀포시	대천동	20060701
5013061000	제주특별자치도	서귀포시	중문동	20060701
5013062000	제주특별자치도	서귀포시	예래동	20060701
